spec,subsample,release_round,rmsfe,crps,wqs
"DFM",Full,1,2.05202233215684,0.935266231087115,0.389310045736084
"DFM",Full,3,2.0954773722924,0.975237936299286,0.413591797853582
"DFM",Full,5,2.09540502364938,0.967754746529438,0.40790440760871
"DFM",Full,7,2.04260448646137,0.915899353023434,0.386318018211688
"DFM",Full,9,2.06232709574127,0.956126822413642,0.408102300329166
"DFM",Full,11,2.01518845650906,0.912693248985882,0.381866941645445
"DFM",Full,13,2.02576209828733,0.894782666674097,0.370354191287262
"DFM",Full,15,1.95797398151656,0.875886667819879,0.368261051693706
"DFM",GFC,1,4.45245567255086,3.21649240355777,1.42549040895555
"DFM",GFC,3,4.43395811147923,3.24330854083651,1.47149575703984
"DFM",GFC,5,4.41506136707896,3.29583494597378,1.48459402189183
"DFM",GFC,7,4.46587089561912,3.23457142716539,1.46133161859617
"DFM",GFC,9,4.42055006783712,3.18746022829748,1.44964973383827
"DFM",GFC,11,4.42863090136204,2.97954601578675,1.33386866144912
"DFM",GFC,13,4.48099988817331,3.03073788688665,1.35867554660914
"DFM",GFC,15,4.66436533733079,2.70320520976152,1.23767537553016
"DFM",Tranquil,1,0.846487382898672,0.512823302863159,0.202994792383099
"DFM",Tranquil,3,0.861798515187235,0.510082846830342,0.206316977935006
"DFM",Tranquil,5,0.828912746049923,0.523333822945087,0.219153456515221
"DFM",Tranquil,7,0.810237256748102,0.478858703275017,0.19035689691377
"DFM",Tranquil,9,0.891591909128115,0.535832815033321,0.218979549965954
"DFM",Tranquil,11,0.864478497417561,0.504034194893308,0.197071450285001
"DFM",Tranquil,13,0.833682203975658,0.497179962723156,0.198227341583703
"DFM",Tranquil,15,0.925806603115141,0.529979144715496,0.208431110420988
"DFM",Pandemic,1,1.74898507244474,0.973980144489767,0.397616195385382
"DFM",Pandemic,3,1.85291126062885,1.0889758257575,0.450494509621885
"DFM",Pandemic,5,1.85099817169127,1.02943289433209,0.408454855265281
"DFM",Pandemic,7,1.70614750790747,0.968021080979389,0.399374253596078
"DFM",Pandemic,9,1.74358497433813,1.00581125799806,0.41952221616103
"DFM",Pandemic,11,1.75962116987763,0.990959615489916,0.412192258970114
"DFM",Pandemic,13,1.74520970101515,0.934466900697003,0.368971878824313
"DFM",Pandemic,15,1.55654326267217,0.919431298260873,0.381065109362602
"DFM",Pre,1,2.20842330532543,0.915497424243207,0.385068607617294
"DFM",Pre,3,2.22807294769334,0.917159014022749,0.394747859929343
"DFM",Pre,5,2.22892013540891,0.936259522119573,0.407623327954291
"DFM",Pre,7,2.2121412102413,0.889284002577839,0.379651004398382
"DFM",Pre,9,2.22454980194056,0.930756046796067,0.402270853946938
"DFM",Pre,11,2.15211982339821,0.872727444813608,0.366381673224337
"DFM",Pre,13,2.17297405175887,0.874518376960272,0.37106005297047
"DFM",Pre,15,2.14530075183056,0.853651111850011,0.361722809479802
"DFM (no COVID factor)",Full,1,2.03236793708902,0.91727043444274,0.390530699350017
"DFM (no COVID factor)",Full,3,2.03771330289859,0.953576676874188,0.408635144878915
"DFM (no COVID factor)",Full,5,2.03491492314839,0.919556058009789,0.393094596737073
"DFM (no COVID factor)",Full,7,2.04969986825127,0.933889166812975,0.400639291366096
"DFM (no COVID factor)",Full,9,2.04440154156123,0.913080954187997,0.389431712538135
"DFM (no COVID factor)",Full,11,1.91276567636225,0.835610963649498,0.345910806420224
"DFM (no COVID factor)",Full,13,1.91358197653306,0.865402797956397,0.357899932138391
"DFM (no COVID factor)",Full,15,1.80548220204786,0.77807935396304,0.326702764499654
"DFM (no COVID factor)",GFC,1,4.40218679820425,3.26940266922557,1.4747437568236
"DFM (no COVID factor)",GFC,3,4.41946579536369,3.27042368316999,1.50937955813688
"DFM (no COVID factor)",GFC,5,4.4145999940221,3.26674684518829,1.46958881189851
"DFM (no COVID factor)",GFC,7,4.40910523042121,3.27376672544085,1.49517552134704
"DFM (no COVID factor)",GFC,9,4.49768424393776,3.20943954300178,1.45297736453475
"DFM (no COVID factor)",GFC,11,4.40420081236689,2.62339738089112,1.15573939956888
"DFM (no COVID factor)",GFC,13,4.42388351666052,2.92846758040959,1.29883431682907
"DFM (no COVID factor)",GFC,15,4.36924709676128,2.74476912950924,1.2368554296462
"DFM (no COVID factor)",Tranquil,1,0.808449326569741,0.484586224884774,0.19619059949455
"DFM (no COVID factor)",Tranquil,3,0.800220441721669,0.540822090539015,0.231021535268128
"DFM (no COVID factor)",Tranquil,5,0.779499124139572,0.47392114325813,0.19129460514352
"DFM (no COVID factor)",Tranquil,7,0.798812775640231,0.517083850202592,0.214641481744456
"DFM (no COVID factor)",Tranquil,9,0.823225081118788,0.499391345103248,0.204573518046086
"DFM (no COVID factor)",Tranquil,11,0.868072411904709,0.511551185347279,0.201952272021152
"DFM (no COVID factor)",Tranquil,13,0.901155777670025,0.54246188323552,0.212937875628042
"DFM (no COVID factor)",Tranquil,15,0.806649660647786,0.483489059270978,0.199070567493025
"DFM (no COVID factor)",Pandemic,1,1.69022668029731,0.952372215227692,0.398202057346001
"DFM (no COVID factor)",Pandemic,3,1.72010535676409,0.965753943929866,0.383607373696652
"DFM (no COVID factor)",Pandemic,5,1.72752201676503,0.977683603002158,0.415450436637576
"DFM (no COVID factor)",Pandemic,7,1.75873617904066,0.946100406563816,0.391395906991053
"DFM (no COVID factor)",Pandemic,9,1.65039088939527,0.932792380925224,0.38732788819254
"DFM (no COVID factor)",Pandemic,11,1.53884335352667,0.854272889124391,0.349641690750319
"DFM (no COVID factor)",Pandemic,13,1.37666027433259,0.801910427609009,0.325064164120858
"DFM (no COVID factor)",Pandemic,15,1.17345316083686,0.695445327248836,0.27396189884296
"DFM (no COVID factor)",Pre,1,2.20378914982844,0.899346120850424,0.386613410160579
"DFM (no COVID factor)",Pre,3,2.19964970909489,0.947358497952139,0.421415283354965
"DFM (no COVID factor)",Pre,5,2.19280688584569,0.889873907375388,0.381678848702774
"DFM (no COVID factor)",Pre,7,2.20063373401965,0.927653640131695,0.405359317429947
"DFM (no COVID factor)",Pre,9,2.23368979829982,0.903015544790264,0.390506005820992
"DFM (no COVID factor)",Pre,11,2.09310126993568,0.826081469789979,0.344005673996346
"DFM (no COVID factor)",Pre,13,2.1496314937862,0.897824433878467,0.374667132828195
"DFM (no COVID factor)",Pre,15,2.06687911977901,0.820275452710719,0.353634270366903
"GIGG-SV-trend (QR)",Full,1,2.67596022889501,1.77240740955102,0.551089848008644
"GIGG-SV-trend (QR)",Full,2,2.22575022298693,1.39130970540787,0.431331119649996
"GIGG-SV-trend (QR)",Full,3,2.25331553649979,1.39964744372834,0.437706431019288
"GIGG-SV-trend (QR)",Full,4,2.16089665409806,1.37811733932989,0.410962214154641
"GIGG-SV-trend (QR)",Full,5,1.98083832574022,1.23171272665978,0.381828107370135
"GIGG-SV-trend (QR)",Full,6,1.93774303645381,1.22096236760485,0.378360703940712
"GIGG-SV-trend (QR)",Full,7,1.91506336819097,1.21713611572277,0.375228732644145
"GIGG-SV-trend (QR)",Full,8,1.99613234096508,1.27359210171863,0.382230266453963
"GIGG-SV-trend (QR)",Full,9,2.23904911730738,1.36880098601006,0.403916684968736
"GIGG-SV-trend (QR)",Full,10,2.2412035112162,1.41135982950304,0.408695701960624
"GIGG-SV-trend (QR)",Full,11,2.06677580494024,1.34339423213252,0.389986916762518
"GIGG-SV-trend (QR)",Full,12,2.0930236812422,1.35030292995806,0.3875373651052
"GIGG-SV-trend (QR)",Full,13,1.89028227664033,1.28082544606246,0.382849116600814
"GIGG-SV-trend (QR)",Full,14,1.93200265130857,1.25773653423413,0.373080982232194
"GIGG-SV-trend (QR)",Full,15,1.83996399266118,1.22045961106755,0.366757017445313
"GIGG-SV-trend (QR)",GFC,1,4.88827305556223,3.44861808581025,1.25861669271192
"GIGG-SV-trend (QR)",GFC,2,4.38203568723129,2.84361210948584,1.04596600030443
"GIGG-SV-trend (QR)",GFC,3,4.61926515305338,2.98824166038969,1.10256518205807
"GIGG-SV-trend (QR)",GFC,4,4.57526729692669,2.9083546295514,1.04708149706493
"GIGG-SV-trend (QR)",GFC,5,4.63759365522851,2.97027445687807,1.1339723937831
"GIGG-SV-trend (QR)",GFC,6,4.5898045939658,2.92849881450554,1.11205109126008
"GIGG-SV-trend (QR)",GFC,7,4.53885788817315,2.84632706763204,1.07478288631505
"GIGG-SV-trend (QR)",GFC,8,4.78430934328032,3.08398304077559,1.12655226188449
"GIGG-SV-trend (QR)",GFC,9,4.65821235779002,2.90198753717689,1.13438197278376
"GIGG-SV-trend (QR)",GFC,10,4.74770183767502,3.10760319261551,1.20405143709262
"GIGG-SV-trend (QR)",GFC,11,4.48980215021619,2.86825041979888,1.11474411182381
"GIGG-SV-trend (QR)",GFC,12,4.47989042976748,2.95004770255457,1.08838844671666
"GIGG-SV-trend (QR)",GFC,13,4.4307413412829,3.06495056492533,1.10520281940487
"GIGG-SV-trend (QR)",GFC,14,4.59594274040108,2.98982205411088,1.07807729416301
"GIGG-SV-trend (QR)",GFC,15,4.44188390805359,2.95446406663533,1.07680491849287
"GIGG-SV-trend (QR)",Tranquil,1,1.59453964486734,1.19933435918244,0.326674161373886
"GIGG-SV-trend (QR)",Tranquil,2,1.07822581244541,0.851759365947105,0.234147011166544
"GIGG-SV-trend (QR)",Tranquil,3,1.06928879877889,0.847387860209922,0.234983814430018
"GIGG-SV-trend (QR)",Tranquil,4,1.03670209816636,0.859570267708887,0.226066083047053
"GIGG-SV-trend (QR)",Tranquil,5,0.962980950655276,0.775809046258862,0.215444620260605
"GIGG-SV-trend (QR)",Tranquil,6,0.97745166935917,0.778160362579682,0.22366456079402
"GIGG-SV-trend (QR)",Tranquil,7,0.98910686263304,0.804424783222326,0.224536219591244
"GIGG-SV-trend (QR)",Tranquil,8,0.995122618494305,0.809388079013856,0.224944972300599
"GIGG-SV-trend (QR)",Tranquil,9,0.963681725729132,0.830510966856837,0.221576188210362
"GIGG-SV-trend (QR)",Tranquil,10,1.0425830943306,0.873229193888139,0.225660854928633
"GIGG-SV-trend (QR)",Tranquil,11,1.01542950117724,0.842911513712927,0.217607660661017
"GIGG-SV-trend (QR)",Tranquil,12,0.961773520874713,0.807880385545703,0.214544038026096
"GIGG-SV-trend (QR)",Tranquil,13,0.94765725255294,0.807521457230881,0.218820020124987
"GIGG-SV-trend (QR)",Tranquil,14,0.916778282617324,0.767935154215019,0.210365636306889
"GIGG-SV-trend (QR)",Tranquil,15,0.878513681431549,0.758433270234922,0.202733807435741
"GIGG-SV-trend (QR)",Pandemic,1,3.20252565998559,2.23863437958971,0.718753996028119
"GIGG-SV-trend (QR)",Pandemic,2,2.84414227084977,1.86697206998641,0.580702793598205
"GIGG-SV-trend (QR)",Pandemic,3,2.81056495756897,1.85674010306614,0.581660322948425
"GIGG-SV-trend (QR)",Pandemic,4,2.62433372030413,1.79604324905029,0.533587641818455
"GIGG-SV-trend (QR)",Pandemic,5,2.18113912978988,1.48447168934764,0.439758502348903
"GIGG-SV-trend (QR)",Pandemic,6,2.05865004107739,1.4609342456341,0.422194579550384
"GIGG-SV-trend (QR)",Pandemic,7,2.02016736539466,1.42980764224998,0.422346292911632
"GIGG-SV-trend (QR)",Pandemic,8,2.10194734034438,1.51923478233496,0.427278508042331
"GIGG-SV-trend (QR)",Pandemic,9,2.81807964444462,1.81877160717509,0.494765137286642
"GIGG-SV-trend (QR)",Pandemic,10,2.73269340845505,1.81350657462008,0.481775024267109
"GIGG-SV-trend (QR)",Pandemic,11,2.42790552215669,1.73278237476248,0.465898161705476
"GIGG-SV-trend (QR)",Pandemic,12,2.50738511078583,1.787748278638,0.471444678100362
"GIGG-SV-trend (QR)",Pandemic,13,2.02286444063926,1.54929560111342,0.445544447409343
"GIGG-SV-trend (QR)",Pandemic,14,2.06788291425768,1.56888055763525,0.43864930112788
"GIGG-SV-trend (QR)",Pandemic,15,1.94500104676159,1.48475221291465,0.433031729655729
"GIGG-SV-trend (QR)",Pre,1,2.40133383487259,1.53433406314828,0.465474112849763
"GIGG-SV-trend (QR)",Pre,2,1.86910952293532,1.14841828519756,0.35505622231474
"GIGG-SV-trend (QR)",Pre,3,1.94240269304288,1.16623842619414,0.364198060672495
"GIGG-SV-trend (QR)",Pre,4,1.91348912660363,1.16470836415352,0.348344974496523
"GIGG-SV-trend (QR)",Pre,5,1.89525307320973,1.10264432018087,0.352246629083105
"GIGG-SV-trend (QR)",Pre,6,1.89453142234464,1.09842353627077,0.355977448310241
"GIGG-SV-trend (QR)",Pre,7,1.87992477434007,1.10853788941101,0.351168701869257
"GIGG-SV-trend (QR)",Pre,8,1.96319074835488,1.1481575414039,0.359226909047136
"GIGG-SV-trend (QR)",Pre,9,1.90569412615883,1.13902875392578,0.357525985912784
"GIGG-SV-trend (QR)",Pre,10,1.973575976412,1.20600830008158,0.371378601208376
"GIGG-SV-trend (QR)",Pre,11,1.88155104732877,1.14455773376828,0.351223727855476
"GIGG-SV-trend (QR)",Pre,12,1.86737339149034,1.12692658169596,0.344691077618308
"GIGG-SV-trend (QR)",Pre,13,1.83990595792386,1.14373430305771,0.350834479592204
"GIGG-SV-trend (QR)",Pre,14,1.88086033799883,1.09885447973142,0.339599287476951
"GIGG-SV-trend (QR)",Pre,15,1.80292457998923,1.08550168672009,0.332914611210207
"GIGG-SV-trend",Full,1,2.34780570797313,1.67104429844236,0.482472728496147
"GIGG-SV-trend",Full,2,1.98807047261544,1.17454014776576,0.385665698446211
"GIGG-SV-trend",Full,3,2.02591385872453,1.1874602782305,0.383284586344905
"GIGG-SV-trend",Full,4,1.9974672121709,1.17096927462598,0.383811464504818
"GIGG-SV-trend",Full,5,1.98390056057117,1.17526964990825,0.374623612267926
"GIGG-SV-trend",Full,6,1.93866325211051,1.12578549795689,0.372338067786517
"GIGG-SV-trend",Full,7,1.86008336770928,1.110276196917,0.359697505763527
"GIGG-SV-trend",Full,8,1.81162458819097,1.15922446462027,0.349756802684854
"GIGG-SV-trend",Full,9,1.82324565221686,1.13088588508919,0.351566710645073
"GIGG-SV-trend",Full,10,1.86485279799808,1.13256414610505,0.346560022636936
"GIGG-SV-trend",Full,11,1.98816285341632,1.22407018726769,0.368422804896796
"GIGG-SV-trend",Full,12,1.69398620237625,1.02680452533271,0.333548267577974
"GIGG-SV-trend",Full,13,1.7454563235403,1.05650221575034,0.339941458364416
"GIGG-SV-trend",Full,14,1.70743110047532,1.03256879253646,0.331200898339498
"GIGG-SV-trend",Full,15,1.8431933869505,1.07093083664668,0.351151055768973
"GIGG-SV-trend",GFC,1,5.19984924618635,3.58143956436404,1.30458443163248
"GIGG-SV-trend",GFC,2,4.60819315732309,2.84151457765385,1.11187596593617
"GIGG-SV-trend",GFC,3,4.93743540109189,3.20683770835172,1.17869972687195
"GIGG-SV-trend",GFC,4,4.7412537648902,2.9328306422061,1.14052609636164
"GIGG-SV-trend",GFC,5,5.02658780946804,3.42386930690005,1.20587762210705
"GIGG-SV-trend",GFC,6,4.77425111204237,2.95612573514097,1.16562408036833
"GIGG-SV-trend",GFC,7,4.52330919020875,2.90896539680574,1.1042268978659
"GIGG-SV-trend",GFC,8,4.61839333678059,3.15587808199044,1.11922163866996
"GIGG-SV-trend",GFC,9,4.66646976361899,3.10166033256762,1.1216560392033
"GIGG-SV-trend",GFC,10,4.77432601941254,3.08365026595163,1.11843172529193
"GIGG-SV-trend",GFC,11,5.16498509305529,3.79987642548024,1.18099546748836
"GIGG-SV-trend",GFC,12,4.44468807234913,2.86460316428247,1.06934624554073
"GIGG-SV-trend",GFC,13,4.57699493110294,2.97298268838371,1.09872254881719
"GIGG-SV-trend",GFC,14,4.43904827404764,2.84599124641629,1.04515545821758
"GIGG-SV-trend",GFC,15,4.75008791659447,3.0869790955648,1.13633154989314
"GIGG-SV-trend",Tranquil,1,1.46479356408448,1.1666728032788,0.285383429839618
"GIGG-SV-trend",Tranquil,2,1.02043690201534,0.781083344954641,0.222465039350523
"GIGG-SV-trend",Tranquil,3,0.907448648044377,0.735233806251266,0.209535995700899
"GIGG-SV-trend",Tranquil,4,0.940297232085873,0.744343335987765,0.212085728555389
"GIGG-SV-trend",Tranquil,5,0.907481477501292,0.729558844384663,0.213628473567148
"GIGG-SV-trend",Tranquil,6,0.930228473133465,0.741374808722414,0.214217994436675
"GIGG-SV-trend",Tranquil,7,0.88043414519252,0.728170596408585,0.203416465219862
"GIGG-SV-trend",Tranquil,8,0.860184769539926,0.734009354547221,0.199616068214605
"GIGG-SV-trend",Tranquil,9,0.805648290988259,0.700388075621582,0.19516583183687
"GIGG-SV-trend",Tranquil,10,0.861697949883169,0.705681378969227,0.198133522018403
"GIGG-SV-trend",Tranquil,11,0.956739956792907,0.739135391722017,0.215452179136599
"GIGG-SV-trend",Tranquil,12,0.796727531104561,0.660535620684252,0.195010350392817
"GIGG-SV-trend",Tranquil,13,0.846108791598918,0.675468076633772,0.198518874379466
"GIGG-SV-trend",Tranquil,14,0.813825466117771,0.660380304201693,0.194366543245999
"GIGG-SV-trend",Tranquil,15,0.849275909280217,0.663274849582719,0.196639101622449
"GIGG-SV-trend",Pandemic,1,2.30089111091298,1.95446483782114,0.571172312842265
"GIGG-SV-trend",Pandemic,2,2.1585080141959,1.34410061040026,0.445855468921121
"GIGG-SV-trend",Pandemic,3,2.17099694486289,1.35218598107721,0.440869488097862
"GIGG-SV-trend",Pandemic,4,2.1775377139799,1.3681362734788,0.449312590128961
"GIGG-SV-trend",Pandemic,5,1.98217119308218,1.26227942582495,0.400499757232813
"GIGG-SV-trend",Pandemic,6,2.00184439979333,1.23262074416899,0.404496436366557
"GIGG-SV-trend",Pandemic,7,1.96673302234283,1.22250118113016,0.403011500639777
"GIGG-SV-trend",Pandemic,8,1.72575083034059,1.28555900967573,0.375564116306279
"GIGG-SV-trend",Pandemic,9,1.78856767297169,1.27357302035399,0.387625454495928
"GIGG-SV-trend",Pandemic,10,1.80315087726538,1.27496863970949,0.368808277060118
"GIGG-SV-trend",Pandemic,11,1.80214562025585,1.28101802703181,0.386373487907918
"GIGG-SV-trend",Pandemic,12,1.57018645931898,1.10122809671979,0.349837052647432
"GIGG-SV-trend",Pandemic,13,1.59676298353123,1.13258564309322,0.354334613623939
"GIGG-SV-trend",Pandemic,14,1.60952746969764,1.12396805737945,0.351021410197556
"GIGG-SV-trend",Pandemic,15,1.78692593634294,1.16234340623551,0.379660001893631
"GIGG-SV-trend",Pre,1,2.3956679337202,1.52631891663192,0.437179323723662
"GIGG-SV-trend",Pre,2,1.91393997822221,1.08795608173963,0.354930496501576
"GIGG-SV-trend",Pre,3,1.96924951018479,1.10334502571304,0.35387953013063
"GIGG-SV-trend",Pre,4,1.91976340781473,1.07028825393518,0.350364081207384
"GIGG-SV-trend",Pre,5,2.0047185487031,1.13083912603589,0.361410261647559
"GIGG-SV-trend",Pre,6,1.92534446672952,1.07123132967837,0.355916773192454
"GIGG-SV-trend",Pre,7,1.8237173337931,1.05296982199965,0.337579721145867
"GIGG-SV-trend",Pre,8,1.84995430995403,1.09471320757068,0.336578599984552
"GIGG-SV-trend",Pre,9,1.84427727860675,1.05802436920929,0.333153735061658
"GIGG-SV-trend",Pre,10,1.90066608337468,1.0598469578815,0.335199211867651
"GIGG-SV-trend",Pre,11,2.07552070132604,1.19499043930303,0.35925649867835
"GIGG-SV-trend",Pre,12,1.76795586462465,0.988800999518028,0.325230590095698
"GIGG-SV-trend",Pre,13,1.82966298777232,1.01765110391568,0.332591762061681
"GIGG-SV-trend",Pre,14,1.76978986381552,0.98589682751025,0.321079785901341
"GIGG-SV-trend",Pre,15,1.88539149382854,1.02425207770771,0.336593296045744
"GIGG fixed-SV",Full,1,2.97664653636018,2.1505723988011,0.591995778964236
"GIGG fixed-SV",Full,2,2.33584379092736,1.56527812366143,0.450535071673527
"GIGG fixed-SV",Full,3,2.34191631542813,1.57847940105706,0.465441391418101
"GIGG fixed-SV",Full,4,2.26784596984685,1.52501102312377,0.43476585168891
"GIGG fixed-SV",Full,5,2.01045135608762,1.40595637112158,0.39847526894287
"GIGG fixed-SV",Full,6,2.04755762242521,1.4314854927539,0.403703211682157
"GIGG fixed-SV",Full,7,2.21422493296759,1.51675972523621,0.421111887046938
"GIGG fixed-SV",Full,8,2.26412434870714,1.5253807877425,0.419231338341091
"GIGG fixed-SV",Full,9,2.58710004111739,1.64590225254533,0.455354835367098
"GIGG fixed-SV",Full,10,2.46668771512116,1.64806280389653,0.463776553073068
"GIGG fixed-SV",Full,11,2.56318751449185,1.68603736505901,0.458591896710194
"GIGG fixed-SV",Full,12,2.20462055709669,1.63398904883355,0.414924320523824
"GIGG fixed-SV",Full,13,1.94641053199025,1.49270097074144,0.3896767727735
"GIGG fixed-SV",Full,14,2.40087903495275,1.58416158907624,0.416011993871306
"GIGG fixed-SV",Full,15,2.07238361343327,1.50676109438385,0.417093491395941
"GIGG fixed-SV",GFC,1,5.19899921442393,3.42269726324165,1.16585924028798
"GIGG fixed-SV",GFC,2,4.71215757760811,3.03642039297934,1.11589837668746
"GIGG fixed-SV",GFC,3,4.78568860788926,3.18944551671484,1.12641113205847
"GIGG fixed-SV",GFC,4,4.82920100322587,3.16852882226151,1.10985982628009
"GIGG fixed-SV",GFC,5,4.71003184030894,3.20309571051456,1.15601813777693
"GIGG fixed-SV",GFC,6,4.96208573657438,3.24688277676343,1.18377667049593
"GIGG fixed-SV",GFC,7,5.21072388596272,3.34061882201206,1.21670580396902
"GIGG fixed-SV",GFC,8,5.37465425129494,3.31793801331155,1.19010396524426
"GIGG fixed-SV",GFC,9,5.23022479411848,3.31911441273842,1.27218361449888
"GIGG fixed-SV",GFC,10,5.1685816383871,3.38658856787146,1.31815329581815
"GIGG fixed-SV",GFC,11,4.92256953534044,3.42525204316608,1.28732760144431
"GIGG fixed-SV",GFC,12,4.28620682158342,3.19231373954621,1.01703436209065
"GIGG fixed-SV",GFC,13,3.94357479432974,2.91777886433092,0.90803423583904
"GIGG fixed-SV",GFC,14,4.50425672057232,3.13137027388457,1.08334385613435
"GIGG fixed-SV",GFC,15,5.06170119651877,3.39491625731845,1.24108680113615
"GIGG fixed-SV",Tranquil,1,1.82325525090322,1.60017073634212,0.359731958715706
"GIGG fixed-SV",Tranquil,2,1.11852188242633,1.07806820637399,0.253969920545124
"GIGG fixed-SV",Tranquil,3,1.07820387906007,1.06569938529711,0.261307989344281
"GIGG fixed-SV",Tranquil,4,1.01226045460601,1.01572293125608,0.242994513380568
"GIGG fixed-SV",Tranquil,5,1.04034669400286,1.00816038765012,0.249500189706772
"GIGG fixed-SV",Tranquil,6,1.06242051076542,1.01515463677334,0.249921206293193
"GIGG fixed-SV",Tranquil,7,1.03641846017351,1.05592345672249,0.25482042362066
"GIGG fixed-SV",Tranquil,8,0.997942831892912,1.01588170198817,0.244111676771229
"GIGG fixed-SV",Tranquil,9,1.02927284098558,1.09022634928767,0.251379348003492
"GIGG fixed-SV",Tranquil,10,1.2479214014827,1.13510899172977,0.274623545622994
"GIGG fixed-SV",Tranquil,11,1.11809238461575,1.09166203463512,0.248654719777719
"GIGG fixed-SV",Tranquil,12,1.1104917355067,1.10602826948108,0.255380081359144
"GIGG fixed-SV",Tranquil,13,1.02474381714229,1.06615008447229,0.24574022252867
"GIGG fixed-SV",Tranquil,14,0.996973686257718,1.04291994717976,0.242569613778764
"GIGG fixed-SV",Tranquil,15,0.949317253078988,1.02230847159459,0.232421246804756
"GIGG fixed-SV",Pandemic,1,3.74193822024864,2.69687208410424,0.81172530315903
"GIGG fixed-SV",Pandemic,2,2.93636232613583,1.94821149058943,0.584079359591801
"GIGG fixed-SV",Pandemic,3,2.92307951862533,1.96324764359011,0.612880887187693
"GIGG fixed-SV",Pandemic,4,2.7691102700031,1.89446515148808,0.557482339613717
"GIGG fixed-SV",Pandemic,5,2.12176527573229,1.54478403625105,0.425817064259767
"GIGG fixed-SV",Pandemic,6,2.08705549064963,1.59587937821872,0.432485128509745
"GIGG fixed-SV",Pandemic,7,2.43983332109087,1.75286126953279,0.466216100321794
"GIGG fixed-SV",Pandemic,8,2.51592890292763,1.85171673987541,0.486259591444102
"GIGG fixed-SV",Pandemic,9,3.3587406038394,2.08400854458509,0.557072253726339
"GIGG fixed-SV",Pandemic,10,2.97595854180724,1.99591580968176,0.529838348855877
"GIGG fixed-SV",Pandemic,11,3.3470461649354,2.16939196798428,0.566772611050202
"GIGG fixed-SV",Pandemic,12,2.72220121485393,2.05941231296315,0.505215957007966
"GIGG fixed-SV",Pandemic,13,2.26882470121287,1.78797139555974,0.478383429787433
"GIGG fixed-SV",Pandemic,14,3.18666659606138,2.03496179250127,0.510444167532156
"GIGG fixed-SV",Pandemic,15,2.18252944309345,1.76347020984336,0.48454918370702
"GIGG fixed-SV",Pre,1,2.54539274030559,1.87161085736971,0.479793468737108
"GIGG fixed-SV",Pre,2,1.99726006917629,1.36973768097479,0.382342243800366
"GIGG fixed-SV",Pre,3,2.01828324589677,1.38200200061465,0.39015313825916
"GIGG fixed-SV",Pre,4,1.99812386764589,1.33635359587391,0.372102113174115
"GIGG fixed-SV",Pre,5,1.97467966469626,1.33506564850227,0.384513501121476
"GIGG fixed-SV",Pre,6,2.04957855985584,1.34753967889952,0.389006062663813
"GIGG fixed-SV",Pre,7,2.11711994363464,1.39619723453157,0.398079948353395
"GIGG fixed-SV",Pre,8,2.15166941962871,1.3587411526108,0.385004145267213
"GIGG fixed-SV",Pre,9,2.12018014870265,1.42218840129098,0.403414025992166
"GIGG fixed-SV",Pre,10,2.19634529081174,1.47043573711258,0.430042870120145
"GIGG fixed-SV",Pre,11,2.0847658367626,1.4392179933525,0.403350680876998
"GIGG fixed-SV",Pre,12,1.91698342941677,1.41675163736312,0.368817952957453
"GIGG fixed-SV",Pre,13,1.77774790367276,1.34192458360017,0.344379756425959
"GIGG fixed-SV",Pre,14,1.90274069122981,1.35396574051878,0.367791309448745
"GIGG fixed-SV",Pre,15,2.03631955523577,1.37567558861729,0.382648031492411
"GIGG fixed-SV, no QR",Full,1,2.57405924927283,1.87736217127018,0.526848087125607
"GIGG fixed-SV, no QR",Full,2,2.02829837584537,1.35919887877838,0.394389946935683
"GIGG fixed-SV, no QR",Full,3,2.09143735028185,1.35247083268712,0.395562231627326
"GIGG fixed-SV, no QR",Full,4,2.08479287624265,1.36921819525119,0.395956488288461
"GIGG fixed-SV, no QR",Full,5,2.07497178203844,1.31776661705559,0.391638007269202
"GIGG fixed-SV, no QR",Full,6,2.04338448005124,1.3217797535457,0.385809768603131
"GIGG fixed-SV, no QR",Full,7,1.97157056511393,1.30993223196483,0.370674609611815
"GIGG fixed-SV, no QR",Full,8,1.8731979296582,1.30318054036802,0.359579256948867
"GIGG fixed-SV, no QR",Full,9,1.96151723156935,1.33737654456776,0.375582567825426
"GIGG fixed-SV, no QR",Full,10,1.94895475147868,1.31644645422146,0.369634939357554
"GIGG fixed-SV, no QR",Full,11,2.00643682281727,1.38545663996837,0.398827671367079
"GIGG fixed-SV, no QR",Full,12,1.7935199005686,1.27261659338982,0.361984535749568
"GIGG fixed-SV, no QR",Full,13,1.82783577350028,1.30356689895599,0.369360348959422
"GIGG fixed-SV, no QR",Full,14,1.82432210064167,1.25540049875491,0.362956682198729
"GIGG fixed-SV, no QR",Full,15,2.00790699276911,1.30576374807544,0.39100413861151
"GIGG fixed-SV, no QR",GFC,1,5.26084278339588,3.37818358496595,1.2026290506171
"GIGG fixed-SV, no QR",GFC,2,4.99782232822997,3.1433995741225,1.14995130617207
"GIGG fixed-SV, no QR",GFC,3,5.32354896951146,3.26074378415356,1.18236460338867
"GIGG fixed-SV, no QR",GFC,4,4.86286490315781,3.14383656674616,1.1253704894705
"GIGG fixed-SV, no QR",GFC,5,5.35060736914751,3.36733204699448,1.26642927745949
"GIGG fixed-SV, no QR",GFC,6,5.2128904407458,3.29510361720046,1.22402109410993
"GIGG fixed-SV, no QR",GFC,7,5.01906140734659,3.15455144375921,1.16215924680337
"GIGG fixed-SV, no QR",GFC,8,5.08950313928839,3.22060319632054,1.17699926036516
"GIGG fixed-SV, no QR",GFC,9,4.91657639309265,3.1261008011277,1.16099078575444
"GIGG fixed-SV, no QR",GFC,10,4.92738410578497,3.11695078794249,1.18253395456541
"GIGG fixed-SV, no QR",GFC,11,5.00050260782145,3.25616903241324,1.24651288822949
"GIGG fixed-SV, no QR",GFC,12,4.66940267236393,3.07222756107275,1.12516009226191
"GIGG fixed-SV, no QR",GFC,13,4.83775853959953,3.18566469326826,1.18191522551477
"GIGG fixed-SV, no QR",GFC,14,4.8612683995872,3.1471510061368,1.15144710630862
"GIGG fixed-SV, no QR",GFC,15,5.24200398398064,3.29980753575261,1.27418971458516
"GIGG fixed-SV, no QR",Tranquil,1,1.72788719928681,1.4720662140633,0.339118077442339
"GIGG fixed-SV, no QR",Tranquil,2,1.07808644050505,1.02525605620829,0.247693712658766
"GIGG fixed-SV, no QR",Tranquil,3,0.950932472496779,0.974766711953222,0.237727117604397
"GIGG fixed-SV, no QR",Tranquil,4,1.0117701913702,0.986848933536689,0.24109985596373
"GIGG fixed-SV, no QR",Tranquil,5,0.938658857770034,0.95370916267702,0.234428827639387
"GIGG fixed-SV, no QR",Tranquil,6,0.951830287859688,0.963739381153127,0.235225992880429
"GIGG fixed-SV, no QR",Tranquil,7,0.90870201826198,0.954036320169549,0.223071737008915
"GIGG fixed-SV, no QR",Tranquil,8,0.821407432187,0.92294220704644,0.211150750386746
"GIGG fixed-SV, no QR",Tranquil,9,0.847264730000186,0.946181592355443,0.214309964693045
"GIGG fixed-SV, no QR",Tranquil,10,0.803839770073746,0.928690895421295,0.213088695212394
"GIGG fixed-SV, no QR",Tranquil,11,0.980968168954178,0.994196435988007,0.238802306484952
"GIGG fixed-SV, no QR",Tranquil,12,0.904398634415548,0.942606535130818,0.221928900723534
"GIGG fixed-SV, no QR",Tranquil,13,0.90924961709751,0.951846812007441,0.225247202526093
"GIGG fixed-SV, no QR",Tranquil,14,0.86690794034725,0.927331667457343,0.221437401166838
"GIGG fixed-SV, no QR",Tranquil,15,0.94258487271186,0.955596550939762,0.233608347710789
"GIGG fixed-SV, no QR",Pandemic,1,2.7337453616059,2.11511585428706,0.642628655579368
"GIGG fixed-SV, no QR",Pandemic,2,1.99528747914697,1.39537838025316,0.418511607619933
"GIGG fixed-SV, no QR",Pandemic,3,2.07379562543995,1.42539808973258,0.429136729901819
"GIGG fixed-SV, no QR",Pandemic,4,2.28716429047313,1.48890327308931,0.441305125151584
"GIGG fixed-SV, no QR",Pandemic,5,2.0153429553763,1.32673912395437,0.398505852846726
"GIGG fixed-SV, no QR",Pandemic,6,2.00555126053887,1.34296091396734,0.392304424868152
"GIGG fixed-SV, no QR",Pandemic,7,1.93091447893885,1.36507814818361,0.385829711435779
"GIGG fixed-SV, no QR",Pandemic,8,1.61019236006147,1.37766282125116,0.368545933555982
"GIGG fixed-SV, no QR",Pandemic,9,1.99318236535748,1.46765689009164,0.415292842816768
"GIGG fixed-SV, no QR",Pandemic,10,1.99109263875352,1.43755862155309,0.39344980016386
"GIGG fixed-SV, no QR",Pandemic,11,1.97653297263645,1.49193253213923,0.418295091252422
"GIGG fixed-SV, no QR",Pandemic,12,1.61045393005608,1.29774682491397,0.37281772347686
"GIGG fixed-SV, no QR",Pandemic,13,1.59717877868171,1.3408218538625,0.372553754019661
"GIGG fixed-SV, no QR",Pandemic,14,1.60136452213348,1.2504213195978,0.368845776886496
"GIGG fixed-SV, no QR",Pandemic,15,1.89158649783546,1.30777963856241,0.395734663787063
"GIGG fixed-SV, no QR",Pre,1,2.51837639737636,1.75595603526157,0.467726094723687
"GIGG fixed-SV, no QR",Pre,2,2.06130319066641,1.34072423972742,0.382072503182023
"GIGG fixed-SV, no QR",Pre,3,2.11382722907191,1.31523138228093,0.378417806976522
"GIGG fixed-SV, no QR",Pre,4,1.99412982746558,1.30810241082321,0.372799737549844
"GIGG fixed-SV, no QR",Pre,5,2.12163168086781,1.31318491140515,0.388131022293444
"GIGG fixed-SV, no QR",Pre,6,2.08145555932468,1.31096384184103,0.382493348382695
"GIGG fixed-SV, no QR",Pre,7,2.00356970440467,1.28177261517227,0.362935834212344
"GIGG fixed-SV, no QR",Pre,8,1.9949966589589,1.2651470352362,0.355000528468638
"GIGG fixed-SV, no QR",Pre,9,1.94699559606865,1.27085041068323,0.355304980595806
"GIGG fixed-SV, no QR",Pre,10,1.93062507988096,1.2546019432436,0.357474159371354
"GIGG fixed-SV, no QR",Pre,11,2.02234601860868,1.33108597162581,0.388886861212862
"GIGG fixed-SV, no QR",Pre,12,1.88710773394521,1.25978413473919,0.356452695207973
"GIGG fixed-SV, no QR",Pre,13,1.94462741718248,1.28454309219522,0.367729674035045
"GIGG fixed-SV, no QR",Pre,14,1.93733782976598,1.2579430583245,0.359949484911359
"GIGG fixed-SV, no QR",Pre,15,2.08380471364402,1.30473435718848,0.388588551287823
"U-MIDAS (QR)",Full,1,3.45919486512329,2.41085000840326,0.710179636146669
"U-MIDAS (QR)",Full,2,2.53241977027691,1.67435829803926,0.469806543953922
"U-MIDAS (QR)",Full,3,2.46700026313123,1.6654206761854,0.478961216922823
"U-MIDAS (QR)",Full,4,2.35503741364857,1.63948428078249,0.473841094020186
"U-MIDAS (QR)",Full,5,2.36680665337275,1.62036243591676,0.452620968944488
"U-MIDAS (QR)",Full,6,2.36797238183418,1.61215811992098,0.441744030363526
"U-MIDAS (QR)",Full,7,2.27196576858585,1.60653252663297,0.434698293463228
"U-MIDAS (QR)",Full,8,2.31541411057653,1.6306690020489,0.430901546467798
"U-MIDAS (QR)",Full,9,2.44352627082159,1.67431249839046,0.453474415444947
"U-MIDAS (QR)",Full,10,2.47109918647122,1.70887376810164,0.460739659533995
"U-MIDAS (QR)",Full,11,2.3801870041021,1.67491245652096,0.459769320325261
"U-MIDAS (QR)",Full,12,2.27261582915886,1.6801464890572,0.441137502989339
"U-MIDAS (QR)",Full,13,2.09371508458854,1.60865041787348,0.41567704405443
"U-MIDAS (QR)",Full,14,2.09864386267634,1.64848654874622,0.424193534697816
"U-MIDAS (QR)",Full,15,2.02727234575245,1.64731856633472,0.416876912018123
"U-MIDAS (QR)",GFC,1,7.46146412778132,4.77766480625331,1.83470617241543
"U-MIDAS (QR)",GFC,2,5.3264072956336,3.32232869894058,1.16874021381841
"U-MIDAS (QR)",GFC,3,5.60709100976916,3.70119111530615,1.35542852389412
"U-MIDAS (QR)",GFC,4,5.34897511532264,3.67045484744985,1.34124114872225
"U-MIDAS (QR)",GFC,5,5.71760952274687,3.64723636181242,1.34860530765686
"U-MIDAS (QR)",GFC,6,5.81274839821218,3.58296590232843,1.27816435912277
"U-MIDAS (QR)",GFC,7,5.55924829694918,3.43164456694412,1.2429889958686
"U-MIDAS (QR)",GFC,8,5.70203178996753,3.50681902750331,1.23323770745747
"U-MIDAS (QR)",GFC,9,5.61313634152349,3.40336762749173,1.2620855189659
"U-MIDAS (QR)",GFC,10,5.83742777689271,3.6493842756367,1.34009098879018
"U-MIDAS (QR)",GFC,11,5.37539442425535,3.48843485276488,1.26209522612646
"U-MIDAS (QR)",GFC,12,5.12636479282411,3.44374387669129,1.17088380293236
"U-MIDAS (QR)",GFC,13,4.8064331663814,3.24840209818618,1.1034406939527
"U-MIDAS (QR)",GFC,14,4.80371353332882,3.25962715822196,1.08909401761441
"U-MIDAS (QR)",GFC,15,4.12213692814713,3.21539799703935,0.919094253397525
"U-MIDAS (QR)",Tranquil,1,2.34815230606873,1.8895973581328,0.467947738821673
"U-MIDAS (QR)",Tranquil,2,1.40840459741265,1.2288228007442,0.305452452041183
"U-MIDAS (QR)",Tranquil,3,1.39425954813241,1.20127343595488,0.307231889362347
"U-MIDAS (QR)",Tranquil,4,1.36474083715844,1.18262623121658,0.294551779732806
"U-MIDAS (QR)",Tranquil,5,1.22660962270883,1.16622142116049,0.294457133151911
"U-MIDAS (QR)",Tranquil,6,1.25887477477879,1.17281165827108,0.289778163794789
"U-MIDAS (QR)",Tranquil,7,1.09408358257571,1.15506598797369,0.264269140104248
"U-MIDAS (QR)",Tranquil,8,1.08874962183804,1.14189087776424,0.262008868274397
"U-MIDAS (QR)",Tranquil,9,1.20591722698964,1.18712497015446,0.277735293249481
"U-MIDAS (QR)",Tranquil,10,1.20402577579686,1.188250986778,0.275474932206751
"U-MIDAS (QR)",Tranquil,11,1.15534789996108,1.16284616662634,0.274621111412514
"U-MIDAS (QR)",Tranquil,12,1.21545001733929,1.21389609883926,0.281286463737637
"U-MIDAS (QR)",Tranquil,13,1.16258308118002,1.18587981752376,0.276557016076153
"U-MIDAS (QR)",Tranquil,14,1.25505963356224,1.23745804494918,0.289272618678314
"U-MIDAS (QR)",Tranquil,15,1.15067642038942,1.17611580587809,0.273747724853949
"U-MIDAS (QR)",Pandemic,1,3.45205412513203,2.58928344281443,0.785912558609941
"U-MIDAS (QR)",Pandemic,2,2.95526342887192,1.93625942660146,0.539874376764678
"U-MIDAS (QR)",Pandemic,3,2.64390883844796,1.84523303182606,0.509540464990321
"U-MIDAS (QR)",Pandemic,4,2.49345072995089,1.80854794811437,0.519664935211051
"U-MIDAS (QR)",Pandemic,5,2.43952671479031,1.78609256545764,0.454898596474339
"U-MIDAS (QR)",Pandemic,6,2.33420394213617,1.7695832861353,0.451064545423309
"U-MIDAS (QR)",Pandemic,7,2.35823456087941,1.82665241264102,0.482995427526628
"U-MIDAS (QR)",Pandemic,8,2.40188642080029,1.89808878509913,0.478374629834811
"U-MIDAS (QR)",Pandemic,9,2.72357013503487,1.98198396612925,0.510528047243776
"U-MIDAS (QR)",Pandemic,10,2.67592985983978,2.01059617227666,0.513036734046347
"U-MIDAS (QR)",Pandemic,11,2.72626020468007,1.99941224077418,0.534337945987822
"U-MIDAS (QR)",Pandemic,12,2.51658443454652,1.94284790136049,0.494713230925462
"U-MIDAS (QR)",Pandemic,13,2.24042874988469,1.83500717836513,0.446946026131231
"U-MIDAS (QR)",Pandemic,14,2.17062238640219,1.86361804397754,0.455132420546315
"U-MIDAS (QR)",Pandemic,15,2.4129602000199,1.97529999980691,0.508945499389419
"U-MIDAS (QR)",Pre,1,3.49517688942969,2.31973506317202,0.671507505527126
"U-MIDAS (QR)",Pre,2,2.32030325858088,1.54062155153941,0.434027225071834
"U-MIDAS (QR)",Pre,3,2.39918164622599,1.57360160096465,0.463346281739419
"U-MIDAS (QR)",Pre,4,2.30621566631131,1.55315389746409,0.45044168575251
"U-MIDAS (QR)",Pre,5,2.35414634706878,1.53573428466184,0.451457925099457
"U-MIDAS (QR)",Pre,6,2.41000032884954,1.53177080100303,0.436984618418105
"U-MIDAS (QR)",Pre,7,2.25259324045461,1.49413088271397,0.410035927132981
"U-MIDAS (QR)",Pre,8,2.2963478750086,1.49411421921474,0.406659971982515
"U-MIDAS (QR)",Pre,9,2.31715335846383,1.51720366380044,0.424340646015757
"U-MIDAS (QR)",Pre,10,2.38523583212112,1.55480275320376,0.434034770421305
"U-MIDAS (QR)",Pre,11,2.21443005344149,1.50921043902995,0.421691724242251
"U-MIDAS (QR)",Pre,12,2.16476452160325,1.54600108702999,0.413779684468765
"U-MIDAS (QR)",Pre,13,2.03985228321305,1.49306398698412,0.399709904270531
"U-MIDAS (QR)",Pre,14,2.08456303641348,1.53863216820257,0.408394954690072
"U-MIDAS (QR)",Pre,15,1.82833693123966,1.47983868541275,0.369863165275333
"GIGG-SV",Full,1,2.28011610442051,1.21893556272072,0.447381367167358
"GIGG-SV",Full,2,1.99379647526538,1.01182210703986,0.36797170627309
"GIGG-SV",Full,3,2.0306796532534,1.00538610112349,0.371068311704875
"GIGG-SV",Full,4,2.04708210495964,1.01022295883608,0.370848696824644
"GIGG-SV",Full,5,1.97503223120859,0.978320372565065,0.360544275588465
"GIGG-SV",Full,6,1.96005929146469,0.976590093107563,0.359811153489017
"GIGG-SV",Full,7,1.92786271017185,0.983958782594502,0.355231213150658
"GIGG-SV",Full,8,1.91488805993672,1.02035860638858,0.351714647655709
"GIGG-SV",Full,9,1.87522478756183,1.01524593288343,0.353094179449132
"GIGG-SV",Full,10,1.84219318573887,1.00588517308498,0.342310424422677
"GIGG-SV",Full,11,1.86730126581576,1.00595585395132,0.348473237597466
"GIGG-SV",Full,12,1.83588742563055,0.938010577899985,0.334492275579744
"GIGG-SV",Full,13,1.7909476179562,0.938768275963211,0.331502974760214
"GIGG-SV",Full,14,1.80783997148476,0.939288616764388,0.330256712554746
"GIGG-SV",Full,15,1.93894235559695,0.950292572274042,0.341582095314755
"GIGG-SV",GFC,1,4.78323154076508,3.55120153427696,1.47777756050736
"GIGG-SV",GFC,2,4.53182253730607,2.86381719768404,1.24295390410503
"GIGG-SV",GFC,3,4.58743622086651,2.90171128737934,1.25141114524178
"GIGG-SV",GFC,4,4.62523127180925,2.86434344299235,1.24794089238181
"GIGG-SV",GFC,5,4.61382453096679,2.81490500357943,1.22164130205454
"GIGG-SV",GFC,6,4.55164092070848,2.80478340926767,1.2291887434826
"GIGG-SV",GFC,7,4.41970097223171,2.80125899643242,1.2051177567435
"GIGG-SV",GFC,8,4.51082273391031,2.7459118183161,1.20127048537166
"GIGG-SV",GFC,9,4.33628064047286,2.72288733322874,1.19301745278866
"GIGG-SV",GFC,10,4.38457529947029,2.703616798821,1.16791377027079
"GIGG-SV",GFC,11,4.49986390859623,2.75269665614428,1.21250505530545
"GIGG-SV",GFC,12,4.54111451851019,2.71305438776619,1.20741313301739
"GIGG-SV",GFC,13,4.39997482146394,2.65779062522145,1.17542673183956
"GIGG-SV",GFC,14,4.50588832101128,2.73903020462552,1.16681435907483
"GIGG-SV",GFC,15,4.7197929895612,2.79380750439951,1.21834459480165
"GIGG-SV",Tranquil,1,1.08658587887126,0.751305535769051,0.241419922486127
"GIGG-SV",Tranquil,2,0.861839517026893,0.59558743048727,0.185946690916345
"GIGG-SV",Tranquil,3,0.852031559693509,0.595823213155868,0.193933964072472
"GIGG-SV",Tranquil,4,0.856419000299474,0.602771577399314,0.193347707599372
"GIGG-SV",Tranquil,5,0.863170078915008,0.598317149508671,0.193366584176032
"GIGG-SV",Tranquil,6,0.866953622856511,0.593928520534871,0.191951432384536
"GIGG-SV",Tranquil,7,0.832637046938534,0.61641427680479,0.190870837323329
"GIGG-SV",Tranquil,8,0.81713353939941,0.612414241128523,0.191833077857026
"GIGG-SV",Tranquil,9,0.850771110671262,0.614425734040879,0.193636440253663
"GIGG-SV",Tranquil,10,0.828966323259287,0.617841965023735,0.190494804548393
"GIGG-SV",Tranquil,11,0.867452134833513,0.605504875292411,0.190018701000368
"GIGG-SV",Tranquil,12,0.803991255138663,0.594082688076621,0.181872076581387
"GIGG-SV",Tranquil,13,0.814832157873594,0.597306854041312,0.183450949084115
"GIGG-SV",Tranquil,14,0.812948106043839,0.592474056998183,0.183266003652084
"GIGG-SV",Tranquil,15,0.814172957522494,0.581059546813361,0.183482755368327
"GIGG-SV",Pandemic,1,2.12293796782517,1.3180746992696,0.490118218578573
"GIGG-SV",Pandemic,2,1.93744247383803,1.16538133318964,0.416143590833349
"GIGG-SV",Pandemic,3,1.97131816240119,1.13489606841157,0.409525564643949
"GIGG-SV",Pandemic,4,1.98777816393452,1.14852345335177,0.410865121829258
"GIGG-SV",Pandemic,5,1.86635598107522,1.07598856027986,0.388020461889915
"GIGG-SV",Pandemic,6,1.85282695320102,1.08113633018202,0.386008891581689
"GIGG-SV",Pandemic,7,1.8220684495546,1.06648706320796,0.381281597648294
"GIGG-SV",Pandemic,8,1.79981917951111,1.19697952834314,0.370396811319696
"GIGG-SV",Pandemic,9,1.78199860875249,1.18521752252031,0.37387945671755
"GIGG-SV",Pandemic,10,1.76958577573748,1.15745212901405,0.354535481674116
"GIGG-SV",Pandemic,11,1.61785335719518,1.16390808440988,0.360554851761136
"GIGG-SV",Pandemic,12,1.51809310285349,0.993502616394616,0.334257357157689
"GIGG-SV",Pandemic,13,1.52273383701198,1.00648912729939,0.332111921738904
"GIGG-SV",Pandemic,14,1.50954606723452,0.992388253248565,0.33124524715749
"GIGG-SV",Pandemic,15,1.71979121140658,1.02798909283859,0.349358599541791
"GIGG-SV",Pre,1,2.37838499004859,1.16831132278087,0.425558294106311
"GIGG-SV",Pre,2,2.04059226342942,0.933408885176151,0.343373297135937
"GIGG-SV",Pre,3,2.07477009433736,0.939253351870002,0.35143056552322
"GIGG-SV",Pre,4,2.09217854685369,0.939601429721681,0.350414777673352
"GIGG-SV",Pre,5,2.04294517186619,0.928447255434104,0.346513882583469
"GIGG-SV",Pre,6,2.02625608212582,0.923204780558905,0.346433585101269
"GIGG-SV",Pre,7,1.98634456079696,0.941816681855714,0.341928889151866
"GIGG-SV",Pre,8,1.99003337643812,0.930169199433056,0.342174819401759
"GIGG-SV",Pre,9,1.9399176010532,0.928451929664603,0.342480420843983
"GIGG-SV",Pre,10,1.8968147758764,0.928489280695669,0.33606784199641
"GIGG-SV",Pre,11,1.99912803981703,0.925299395844818,0.34230390270538
"GIGG-SV",Pre,12,1.98611896456778,0.909674217817621,0.33461223392292
"GIGG-SV",Pre,13,1.9237183761167,0.904187415706439,0.331192023111522
"GIGG-SV",Pre,14,1.95363976948616,0.912173908772468,0.329751928927813
"GIGG-SV",Pre,15,2.05286996427405,0.910617753262361,0.337611114432864
"GIGG-SV, 12 lags",Full,1,2.2741049447496,1.23818596616838,0.446163625261294
"GIGG-SV, 12 lags",Full,2,2.14294171443989,1.08315602338736,0.390860731902244
"GIGG-SV, 12 lags",Full,3,2.10836454702181,1.07686587651558,0.384826934675923
"GIGG-SV, 12 lags",Full,4,2.09350004542751,1.05790905857806,0.381817342321412
"GIGG-SV, 12 lags",Full,5,2.05624449898699,1.04078544452292,0.375307136210787
"GIGG-SV, 12 lags",Full,6,2.00255660807623,1.03047530163845,0.370352358977008
"GIGG-SV, 12 lags",Full,7,2.0178120137671,1.03740727393703,0.371380645315531
"GIGG-SV, 12 lags",Full,8,2.09535602557675,1.09112939167574,0.366948173521156
"GIGG-SV, 12 lags",Full,9,1.91874437312961,1.05092173326463,0.360422416490057
"GIGG-SV, 12 lags",Full,10,2.04155591700328,1.07216321582159,0.364152174670979
"GIGG-SV, 12 lags",Full,11,2.04190494147338,1.08093353772811,0.35926227454097
"GIGG-SV, 12 lags",Full,12,1.64927473540326,0.930403671862997,0.319551018211504
"GIGG-SV, 12 lags",Full,13,1.69956926920704,0.944246659273882,0.326868413246028
"GIGG-SV, 12 lags",Full,14,1.77197530343255,0.937220694520643,0.327303239841304
"GIGG-SV, 12 lags",Full,15,1.88624457652496,0.960735819938485,0.334775505019678
"GIGG-SV, 12 lags",GFC,1,4.62871708817962,3.6888503427491,1.50156534387592
"GIGG-SV, 12 lags",GFC,2,4.80745222585848,2.95150909156463,1.28620216377311
"GIGG-SV, 12 lags",GFC,3,4.75705739432299,3.04077979327714,1.29201081808756
"GIGG-SV, 12 lags",GFC,4,4.80698273939716,2.96986730676796,1.27754919075387
"GIGG-SV, 12 lags",GFC,5,4.80117210973556,2.88911959254591,1.25816456044408
"GIGG-SV, 12 lags",GFC,6,4.65029434571832,2.80936420393778,1.22662839533319
"GIGG-SV, 12 lags",GFC,7,4.8258219517592,2.94164858819068,1.30166907273457
"GIGG-SV, 12 lags",GFC,8,4.88377734274179,2.97576245448279,1.31326743404835
"GIGG-SV, 12 lags",GFC,9,4.67313554012365,2.86886849097918,1.26116402609308
"GIGG-SV, 12 lags",GFC,10,4.73124831935277,2.8726664437707,1.22941595917693
"GIGG-SV, 12 lags",GFC,11,4.61156727302809,2.7437600833061,1.17318211662907
"GIGG-SV, 12 lags",GFC,12,4.15774314729631,2.41775806307158,1.0500285453386
"GIGG-SV, 12 lags",GFC,13,4.44028183595102,2.56032292963109,1.11504147503776
"GIGG-SV, 12 lags",GFC,14,4.65574038236926,2.64572036248941,1.16101800802678
"GIGG-SV, 12 lags",GFC,15,4.806631957827,2.83802955563112,1.20515869976039
"GIGG-SV, 12 lags",Tranquil,1,1.07054890003396,0.769600315624112,0.244329862655461
"GIGG-SV, 12 lags",Tranquil,2,0.934275876528817,0.668335019286352,0.207607632987623
"GIGG-SV, 12 lags",Tranquil,3,0.910798196668007,0.650050681691329,0.20015878577599
"GIGG-SV, 12 lags",Tranquil,4,0.89275608745932,0.64256631856065,0.198626213319272
"GIGG-SV, 12 lags",Tranquil,5,0.905044083022295,0.651767702853975,0.201527927529849
"GIGG-SV, 12 lags",Tranquil,6,0.883284094407148,0.642928864248173,0.19628300005934
"GIGG-SV, 12 lags",Tranquil,7,0.811549892833708,0.636569741527683,0.1916000604667
"GIGG-SV, 12 lags",Tranquil,8,0.819886445005649,0.629282160879493,0.189428911661935
"GIGG-SV, 12 lags",Tranquil,9,0.838362247527165,0.633379769844478,0.191968947540148
"GIGG-SV, 12 lags",Tranquil,10,0.825056342396675,0.625150372435962,0.191842318417002
"GIGG-SV, 12 lags",Tranquil,11,0.977194056317909,0.66788380575351,0.197884372746461
"GIGG-SV, 12 lags",Tranquil,12,0.807774738018105,0.626412308360295,0.192112541874572
"GIGG-SV, 12 lags",Tranquil,13,0.792623261704596,0.632009015767481,0.191705432679126
"GIGG-SV, 12 lags",Tranquil,14,0.777381471054666,0.602331108492758,0.182005193637029
"GIGG-SV, 12 lags",Tranquil,15,0.758647362811499,0.585366607754964,0.177977931875353
"GIGG-SV, 12 lags",Pandemic,1,2.03323520991711,1.30438494057277,0.474727728341749
"GIGG-SV, 12 lags",Pandemic,2,2.14822836663499,1.22958805200401,0.435141312464277
"GIGG-SV, 12 lags",Pandemic,3,2.08569138241336,1.21541630883387,0.428011883514083
"GIGG-SV, 12 lags",Pandemic,4,2.05234929230616,1.19249246955168,0.425880768198846
"GIGG-SV, 12 lags",Pandemic,5,1.97608514520802,1.15005088746447,0.407439068610974
"GIGG-SV, 12 lags",Pandemic,6,1.96184459247465,1.15754343411828,0.410720779902569
"GIGG-SV, 12 lags",Pandemic,7,1.95077688466479,1.15006611129531,0.39968082873303
"GIGG-SV, 12 lags",Pandemic,8,2.05905607408637,1.31119013301744,0.386803825632758
"GIGG-SV, 12 lags",Pandemic,9,1.72309249321576,1.21659053463148,0.378461895272359
"GIGG-SV, 12 lags",Pandemic,10,2.16426003199243,1.29203784664581,0.39896666461337
"GIGG-SV, 12 lags",Pandemic,11,2.11037209783378,1.28435868189219,0.390832156922791
"GIGG-SV, 12 lags",Pandemic,12,1.48763665666014,1.00324424693166,0.318892533360988
"GIGG-SV, 12 lags",Pandemic,13,1.43375595114327,0.993287152930367,0.322256237834942
"GIGG-SV, 12 lags",Pandemic,14,1.48513102542004,0.997057601409562,0.32629984279433
"GIGG-SV, 12 lags",Pandemic,15,1.60780073462013,1.038807167334,0.342243028460844
"GIGG-SV, 12 lags",Pre,1,2.40787179203249,1.20438223455762,0.43157770028404
"GIGG-SV, 12 lags",Pre,2,2.15825701205452,1.00838222154056,0.368249371615248
"GIGG-SV, 12 lags",Pre,3,2.13555274518359,1.00611671958709,0.3627750459075
"GIGG-SV, 12 lags",Pre,4,2.13492680392669,0.989185614676633,0.359316869532935
"GIGG-SV, 12 lags",Pre,5,2.11502242033613,0.984990324722987,0.358899340942606
"GIGG-SV, 12 lags",Pre,6,2.04285108405201,0.965589446755135,0.349738697227785
"GIGG-SV, 12 lags",Pre,7,2.06477595416188,0.979879356988129,0.356929487825745
"GIGG-SV, 12 lags",Pre,8,2.13225034035929,0.978757949288496,0.356809117123742
"GIGG-SV, 12 lags",Pre,9,2.02730774413539,0.966324898524115,0.351210767750158
"GIGG-SV, 12 lags",Pre,10,1.99284052985827,0.9598868085922,0.346374562785503
"GIGG-SV, 12 lags",Pre,11,2.01265993003947,0.977056868367725,0.343141483537488
"GIGG-SV, 12 lags",Pre,12,1.74148015638242,0.893208484593892,0.319887265794747
"GIGG-SV, 12 lags",Pre,13,1.83453774463158,0.919204705066316,0.329223566647434
"GIGG-SV, 12 lags",Pre,14,1.91689592421702,0.90666567823694,0.32781561280146
"GIGG-SV, 12 lags",Pre,15,2.02582972691575,0.920869599991838,0.330962301560358
"PCA-MIDAS (obs SV)",Full,1,2.25039466192329,1.12781786938965,0.426242623377907
"PCA-MIDAS (obs SV)",Full,2,2.22323041054778,1.08588776768639,0.400688889866861
"PCA-MIDAS (obs SV)",Full,3,2.19814119345201,1.07916889218245,0.391984583875647
"PCA-MIDAS (obs SV)",Full,4,2.33939603810144,1.11437253038713,0.411956378364933
"PCA-MIDAS (obs SV)",Full,5,2.27460725815307,1.08544431993057,0.40058881463564
"PCA-MIDAS (obs SV)",Full,6,2.27005271424127,1.08857355920032,0.401459672059084
"PCA-MIDAS (obs SV)",Full,7,2.24134452580298,1.0679827517638,0.390800357783895
"PCA-MIDAS (obs SV)",Full,8,2.16058053198793,1.04773939781183,0.382357377976222
"PCA-MIDAS (obs SV)",Full,9,2.14496230530918,1.04828583734401,0.387390216726066
"PCA-MIDAS (obs SV)",Full,10,2.11996671545255,1.03549245131774,0.376034808016336
"PCA-MIDAS (obs SV)",Full,11,2.14746810799541,1.04658521357228,0.387468641748195
"PCA-MIDAS (obs SV)",Full,12,2.03480291782621,1.01907396994397,0.368831072001606
"PCA-MIDAS (obs SV)",Full,13,2.02558895565889,1.01009415239834,0.366799891480157
"PCA-MIDAS (obs SV)",Full,14,2.07237269520426,1.01865277520738,0.374752154361372
"PCA-MIDAS (obs SV)",Full,15,2.00253660323999,0.981589774922948,0.353039626729813
"PCA-MIDAS (obs SV)",GFC,1,4.51811889833835,3.44972883558229,1.46804008583046
"PCA-MIDAS (obs SV)",GFC,2,4.93518815400405,2.91543436822987,1.23522270962363
"PCA-MIDAS (obs SV)",GFC,3,5.01607567390258,2.96594265535956,1.24520531737947
"PCA-MIDAS (obs SV)",GFC,4,4.99864576893088,2.95423577224478,1.2406043188154
"PCA-MIDAS (obs SV)",GFC,5,5.01136275720542,2.89399705426517,1.23198049789279
"PCA-MIDAS (obs SV)",GFC,6,4.92213348786246,2.85683941766345,1.22124988760377
"PCA-MIDAS (obs SV)",GFC,7,4.89732993254731,2.85418879971858,1.20820164258532
"PCA-MIDAS (obs SV)",GFC,8,4.94790779484561,2.87708258650591,1.21368972893404
"PCA-MIDAS (obs SV)",GFC,9,4.95396436276055,2.79521467644405,1.2085648695008
"PCA-MIDAS (obs SV)",GFC,10,4.85857914908519,2.74840971091049,1.18485000530676
"PCA-MIDAS (obs SV)",GFC,11,4.86622429102993,2.8061634638347,1.22680835116253
"PCA-MIDAS (obs SV)",GFC,12,4.82809874345709,2.81564909581829,1.20016086086018
"PCA-MIDAS (obs SV)",GFC,13,4.76382023532515,2.79104470215647,1.18836204189597
"PCA-MIDAS (obs SV)",GFC,14,4.88878288328156,2.83736329483932,1.22575651250572
"PCA-MIDAS (obs SV)",GFC,15,4.941720964169,2.86235549947255,1.23348197383472
"PCA-MIDAS (obs SV)",Tranquil,1,0.950816983053533,0.67593500189587,0.226498773824131
"PCA-MIDAS (obs SV)",Tranquil,2,1.06255639399571,0.685849410998478,0.222593893119663
"PCA-MIDAS (obs SV)",Tranquil,3,1.05947870765326,0.67174794718638,0.220478208449931
"PCA-MIDAS (obs SV)",Tranquil,4,1.01468977579387,0.669482624250878,0.218032361770659
"PCA-MIDAS (obs SV)",Tranquil,5,1.03798333368404,0.654860203455607,0.21387356791527
"PCA-MIDAS (obs SV)",Tranquil,6,1.01255951125353,0.658279435490419,0.214955756841607
"PCA-MIDAS (obs SV)",Tranquil,7,1.00810574122329,0.636830555057875,0.206038582815069
"PCA-MIDAS (obs SV)",Tranquil,8,0.997932217127067,0.640128145193154,0.208402478645139
"PCA-MIDAS (obs SV)",Tranquil,9,1.03122126268441,0.646862319062938,0.212092176102697
"PCA-MIDAS (obs SV)",Tranquil,10,1.01882897094324,0.639806679326754,0.21054567043706
"PCA-MIDAS (obs SV)",Tranquil,11,0.992817668002618,0.631795037417719,0.210026051536758
"PCA-MIDAS (obs SV)",Tranquil,12,0.939329766057988,0.613633342687848,0.196933291941962
"PCA-MIDAS (obs SV)",Tranquil,13,1.03570505775764,0.63126305412213,0.204996011935052
"PCA-MIDAS (obs SV)",Tranquil,14,0.999760519534913,0.627458203460327,0.204589750118949
"PCA-MIDAS (obs SV)",Tranquil,15,0.955468004888263,0.608762178878134,0.199501474688104
"PCA-MIDAS (obs SV)",Pandemic,1,2.05009634367728,1.20373195007311,0.455291446085541
"PCA-MIDAS (obs SV)",Pandemic,2,2.2697087891032,1.21900060367441,0.454108187016465
"PCA-MIDAS (obs SV)",Pandemic,3,2.15800424635019,1.20789478624925,0.42897249564656
"PCA-MIDAS (obs SV)",Pandemic,4,2.6056798866731,1.31922892840572,0.493474090057338
"PCA-MIDAS (obs SV)",Pandemic,5,2.43298492472179,1.27558996654125,0.469291651552919
"PCA-MIDAS (obs SV)",Pandemic,6,2.47260391220521,1.28998622333173,0.473194051221012
"PCA-MIDAS (obs SV)",Pandemic,7,2.41974487379582,1.26559298228686,0.460327941331524
"PCA-MIDAS (obs SV)",Pandemic,8,2.17027056331969,1.19353305547386,0.429810274498663
"PCA-MIDAS (obs SV)",Pandemic,9,2.15713950928943,1.20780412307496,0.440044344039053
"PCA-MIDAS (obs SV)",Pandemic,10,2.13331691736478,1.19536787058818,0.415945604772088
"PCA-MIDAS (obs SV)",Pandemic,11,2.17269333914186,1.22469185083666,0.438398876854742
"PCA-MIDAS (obs SV)",Pandemic,12,1.93181638643573,1.17080727032418,0.412856183683928
"PCA-MIDAS (obs SV)",Pandemic,13,1.82187200116296,1.1220354058459,0.396850730184052
"PCA-MIDAS (obs SV)",Pandemic,14,1.88979908000774,1.14018649322649,0.41014655697331
"PCA-MIDAS (obs SV)",Pandemic,15,1.71074966013604,1.05441243200401,0.352140862227065
"PCA-MIDAS (obs SV)",Pre,1,2.36484146665999,1.08905323244491,0.411409181995285
"PCA-MIDAS (obs SV)",Pre,2,2.22380122022312,1.01791525569251,0.37341095089685
"PCA-MIDAS (obs SV)",Pre,3,2.24149160507004,1.01343652074409,0.373097139567096
"PCA-MIDAS (obs SV)",Pre,4,2.21957625316711,1.00976500799465,0.370330312819875
"PCA-MIDAS (obs SV)",Pre,5,2.21543837773596,0.988348670597457,0.365506514933199
"PCA-MIDAS (obs SV)",Pre,6,2.18580131938182,0.985724539218318,0.364829350784908
"PCA-MIDAS (obs SV)",Pre,7,2.16498825659197,0.967075400007341,0.355296910865958
"PCA-MIDAS (obs SV)",Pre,8,2.1761016057501,0.973291572622714,0.358126111666891
"PCA-MIDAS (obs SV)",Pre,9,2.15981143080734,0.966829691438849,0.36050300277901
"PCA-MIDAS (obs SV)",Pre,10,2.13459576993474,0.953853939349864,0.35565482669425
"PCA-MIDAS (obs SV)",Pre,11,2.15151611092417,0.955637143479823,0.361461713183149
"PCA-MIDAS (obs SV)",Pre,12,2.10562863891851,0.941593135707275,0.346350163908505
"PCA-MIDAS (obs SV)",Pre,13,2.1407475043374,0.952932661276181,0.351454782354764
"PCA-MIDAS (obs SV)",Pre,14,2.17931537622306,0.956593004304007,0.356678416857403
"PCA-MIDAS (obs SV)",Pre,15,2.1537506055716,0.944403737264536,0.353498570305685
"MS",Full,1,2.10173170568361,1.06103417524582,0.428842753982699
"MS",Full,2,2.05154761573907,1.16406457636721,0.421573287171234
"MS",Full,3,2.05588439975742,1.18136845391067,0.427319940377133
"MS",Full,4,2.04355101377873,1.1933560487806,0.426868923051393
"MS",Full,5,1.97492001989188,1.11231436965611,0.397248502654461
"MS",Full,6,1.94729700207693,1.081124385395,0.388169167530653
"MS",Full,7,1.98556882497744,1.10516320194451,0.397019140234821
"MS",Full,8,1.94155106522165,1.07942358862509,0.391766596636214
"MS",Full,9,2.07142778294992,1.13855712662626,0.422138236930021
"MS",Full,10,2.02905662659521,1.11251179347931,0.409661170646586
"MS",Full,11,2.01536063128678,1.12214361456191,0.407933825596685
"MS",Full,12,2.00241491667727,1.11241046354965,0.407561427037026
"MS",Full,13,2.04487695127836,1.14566876411965,0.420672618376792
"MS",Full,14,2.03033127293662,1.12677653228521,0.415894994075182
"MS",Full,15,2.01240000498286,1.10567071845041,0.400006909930045
"MS",GFC,1,4.43108846813661,2.55809503493179,1.11863664160496
"MS",GFC,2,4.31979095711283,2.48725929579071,1.0599714377976
"MS",GFC,3,4.33020252084269,2.47904712369178,1.06350129765014
"MS",GFC,4,4.32839965144953,2.48951897586105,1.06551969578701
"MS",GFC,5,4.44267106626761,2.50739868687569,1.07446920162477
"MS",GFC,6,4.39984446774805,2.50910677607969,1.07773099769126
"MS",GFC,7,4.434883329626,2.50878937120741,1.07573561612545
"MS",GFC,8,4.38338845951145,2.49295838194408,1.07995249456885
"MS",GFC,9,4.36681439465622,2.49467711650604,1.07493572440822
"MS",GFC,10,4.38579853212773,2.49776236611473,1.08272375238642
"MS",GFC,11,4.38114012828468,2.49714228973915,1.0684211536437
"MS",GFC,12,4.34987663374973,2.48220041817083,1.05606721642014
"MS",GFC,13,4.42098494796975,2.50344963681978,1.07446188376503
"MS",GFC,14,4.43055746543549,2.50984599466471,1.08374237020079
"MS",GFC,15,4.3924100494095,2.52455147801462,1.06934465983813
"MS",Tranquil,1,0.830158138033132,0.79024455919022,0.31185708498779
"MS",Tranquil,2,0.833590845273384,0.793663786416592,0.303296308958165
"MS",Tranquil,3,0.820618087664947,0.785225974835466,0.302959258420766
"MS",Tranquil,4,0.830133440420889,0.795712249711589,0.306043370376299
"MS",Tranquil,5,0.836554123019511,0.793290326022859,0.299566964785485
"MS",Tranquil,6,0.859902052260137,0.789727501032712,0.298438472744506
"MS",Tranquil,7,0.854292986593876,0.784249184043754,0.298947221607941
"MS",Tranquil,8,0.861988398341291,0.807517944174686,0.30389408409487
"MS",Tranquil,9,0.872078062054202,0.796578962487309,0.30130157316502
"MS",Tranquil,10,0.864628593714679,0.789857419093672,0.300487446660777
"MS",Tranquil,11,0.851607741372471,0.785623187057019,0.297017086730697
"MS",Tranquil,12,0.869761611358721,0.789276523164394,0.296642368436435
"MS",Tranquil,13,0.871237789662525,0.792492963182347,0.296494274802638
"MS",Tranquil,14,0.843156748263469,0.779947450494628,0.29258437151204
"MS",Tranquil,15,0.834849121547233,0.777208027275138,0.290706546829085
"MS",Pandemic,1,2.01805736808746,1.07570745126341,0.422628985084389
"MS",Pandemic,2,1.86479927940267,1.39546743311972,0.432502123593661
"MS",Pandemic,3,1.83382909245514,1.46311630701651,0.449034847766448
"MS",Pandemic,4,1.8340462661341,1.47804819349717,0.441971702128661
"MS",Pandemic,5,1.5709646797323,1.2371215165225,0.362528361903081
"MS",Pandemic,6,1.44321334676828,1.15029099538246,0.336598125044054
"MS",Pandemic,7,1.62771747141915,1.23062893241076,0.362513365811522
"MS",Pandemic,8,1.46159413432824,1.12031868132438,0.337499897308102
"MS",Pandemic,9,1.87405841651952,1.31298573647624,0.433133409357215
"MS",Pandemic,10,1.7009213762049,1.24623766710337,0.395307457615484
"MS",Pandemic,11,1.72786686495591,1.2819697134767,0.400152919692951
"MS",Pandemic,12,1.70869912511947,1.25144496076056,0.403279002801269
"MS",Pandemic,13,1.77849332010245,1.33827567781094,0.43694798859548
"MS",Pandemic,14,1.697945903364,1.30142974207549,0.426623880310449
"MS",Pandemic,15,1.78147339015536,1.2392683155363,0.38695067137512
"MS",Pre,1,2.16209737527104,1.05354143855599,0.432015742356304
"MS",Pre,2,2.14041749490544,1.04590141547231,0.415992604742761
"MS",Pre,3,2.13989829958083,1.03749720977151,0.416231477029397
"MS",Pre,4,2.13040918151683,1.04798133658491,0.419156865650235
"MS",Pre,5,2.14662505984559,1.04858306061796,0.414977936229633
"MS",Pre,6,2.15402415859779,1.04580526540141,0.414503316885512
"MS",Pre,7,2.1479321126189,1.04109559489792,0.414639110153101
"MS",Pre,8,2.15589136098356,1.05854098809779,0.419477251612272
"MS",Pre,9,2.16228559813042,1.04948719819223,0.416523680796986
"MS",Pre,10,2.17386231877838,1.04422624099043,0.416990726236936
"MS",Pre,11,2.14621282615117,1.04053028745649,0.411907054143272
"MS",Pre,12,2.13001060431904,1.04141412454833,0.40974819685954
"MS",Pre,13,2.1516488178695,1.04731629755388,0.41236179103108
"MS",Pre,14,2.15722732121266,1.03759191451996,0.41041641386994
"MS",Pre,15,2.13186119083961,1.03745066887464,0.406673925362348
"GIGG (QR)",Full,1,3.4822582720263,1.63988682111842,0.592176288741011
"GIGG (QR)",Full,2,2.31620483435761,1.29968151325176,0.437653966786085
"GIGG (QR)",Full,3,2.33318846504004,1.24845493326931,0.435030240017241
"GIGG (QR)",Full,4,2.24668922235941,1.25087546066209,0.423367885468985
"GIGG (QR)",Full,5,2.15063606385304,1.16489033985295,0.407959708095087
"GIGG (QR)",Full,6,2.10795607080017,1.15736615666745,0.399747166525118
"GIGG (QR)",Full,7,2.1419050567435,1.19253566165255,0.404257990865543
"GIGG (QR)",Full,8,2.16687926639062,1.20120953229533,0.406538190565732
"GIGG (QR)",Full,9,2.07495048131545,1.21683718502388,0.397973312510902
"GIGG (QR)",Full,10,2.05965488728684,1.23263758358627,0.402923198880376
"GIGG (QR)",Full,11,2.11013913329005,1.25432049485871,0.409535235451693
"GIGG (QR)",Full,12,2.16754192544025,1.27507785063127,0.410629805838369
"GIGG (QR)",Full,13,2.1793154392902,1.27356428350188,0.408885476862691
"GIGG (QR)",Full,14,2.10745166933039,1.25681675712314,0.404347898175525
"GIGG (QR)",Full,15,2.10788517413074,1.19446436221387,0.392051614416652
"GIGG (QR)",GFC,1,5.10134111964347,3.31630142144716,1.37948275696231
"GIGG (QR)",GFC,2,4.77329404969589,2.4620610205897,1.06032448928064
"GIGG (QR)",GFC,3,4.99401192137828,2.54056560078676,1.10441553684163
"GIGG (QR)",GFC,4,4.85094175973594,2.53905206060639,1.09031812065544
"GIGG (QR)",GFC,5,4.78260610368235,2.59565999920238,1.06415013450008
"GIGG (QR)",GFC,6,4.6615775173532,2.52730566447344,1.0364957260722
"GIGG (QR)",GFC,7,4.7287632498989,2.56772055946817,1.04769711367145
"GIGG (QR)",GFC,8,4.61047584143221,2.53829733747764,1.04255877200743
"GIGG (QR)",GFC,9,4.77439286115267,2.49825725150408,1.04261330311012
"GIGG (QR)",GFC,10,4.63459913031494,2.44934979919205,1.02162996246763
"GIGG (QR)",GFC,11,4.66815595905802,2.46242803014695,1.02093310733964
"GIGG (QR)",GFC,12,4.95372874206442,2.70756695724506,1.04468170572703
"GIGG (QR)",GFC,13,4.9841231479938,2.69938093764177,1.0730081316791
"GIGG (QR)",GFC,14,4.76412634427665,2.64583121553506,1.02549470759157
"GIGG (QR)",GFC,15,4.83131025010939,2.83678589642262,1.11742452587246
"GIGG (QR)",Tranquil,1,1.39933699140925,0.97806080966076,0.321240674980937
"GIGG (QR)",Tranquil,2,1.13917179495131,0.858972388740067,0.277845593863286
"GIGG (QR)",Tranquil,3,1.04436859706715,0.795521599644226,0.271458255938501
"GIGG (QR)",Tranquil,4,0.955601282393499,0.777591182060264,0.265348506419831
"GIGG (QR)",Tranquil,5,0.929857510799316,0.73458627303898,0.255521514126814
"GIGG (QR)",Tranquil,6,0.898478220787539,0.71938368314518,0.250903818664977
"GIGG (QR)",Tranquil,7,0.952912972757055,0.743540729921904,0.253325200285259
"GIGG (QR)",Tranquil,8,0.903020441451912,0.726110059778552,0.246944149892363
"GIGG (QR)",Tranquil,9,0.957503001850113,0.743176895527695,0.251514284902725
"GIGG (QR)",Tranquil,10,0.939330274159659,0.734287547161113,0.24782964262023
"GIGG (QR)",Tranquil,11,0.921715239803295,0.709004649883282,0.244952366884121
"GIGG (QR)",Tranquil,12,1.14409999286927,0.817463804450964,0.258645185959574
"GIGG (QR)",Tranquil,13,1.20059640963751,0.843373378981181,0.26485627556447
"GIGG (QR)",Tranquil,14,1.1784126408786,0.836208264339891,0.263490159705609
"GIGG (QR)",Tranquil,15,0.952948730189767,0.720775920075451,0.23643020650529
"GIGG (QR)",Pandemic,1,4.83115863650906,2.25397591511863,0.814104591776589
"GIGG (QR)",Pandemic,2,2.44702137076552,1.69516936446434,0.52238901926317
"GIGG (QR)",Pandemic,3,2.46817083626215,1.62647821128519,0.512412835241362
"GIGG (QR)",Pandemic,4,2.36339026765728,1.66396441668139,0.492206365288194
"GIGG (QR)",Pandemic,5,2.1593334539747,1.46475596723265,0.470634490340754
"GIGG (QR)",Pandemic,6,2.14052408789863,1.48777125609448,0.462101083090789
"GIGG (QR)",Pandemic,7,2.16450083866321,1.53976495267406,0.468142897680961
"GIGG (QR)",Pandemic,8,2.28720701973212,1.60305804331178,0.487022255434184
"GIGG (QR)",Pandemic,9,2.06100968792909,1.63252348146081,0.454051694599759
"GIGG (QR)",Pandemic,10,2.08598804965342,1.70834658140985,0.480956319934336
"GIGG (QR)",Pandemic,11,2.26534651394456,1.81081553869201,0.505515637096995
"GIGG (QR)",Pandemic,12,2.12887971895404,1.6199586048361,0.479005701502167
"GIGG (QR)",Pandemic,13,2.00861643344735,1.57468593357892,0.45523170470494
"GIGG (QR)",Pandemic,14,2.02018615554919,1.55270169472508,0.457942976212371
"GIGG (QR)",Pandemic,15,2.09215285510958,1.50493465163369,0.439853528427646
"GIGG (QR)",Pre,1,2.48489262130677,1.32630941141618,0.478851197829226
"GIGG (QR)",Pre,2,2.20978477467472,1.09773027007937,0.394385003819063
"GIGG (QR)",Pre,3,2.18806255822123,1.05542177002716,0.395515723307052
"GIGG (QR)",Pre,4,2.11886663965765,1.03993641929054,0.388216321305985
"GIGG (QR)",Pre,5,2.12768829713585,1.01176746629736,0.375955563969641
"GIGG (QR)",Pre,6,2.0537628662282,0.988648659087687,0.36790686870435
"GIGG (QR)",Pre,7,2.08345280698143,1.0152270875139,0.371635910789584
"GIGG (QR)",Pre,8,2.04432123758671,0.996010292627353,0.365439944675458
"GIGG (QR)",Pre,9,2.04325245342433,1.00457184216248,0.369337542933613
"GIGG (QR)",Pre,10,1.98410136642888,0.989722350655083,0.363076498767716
"GIGG (QR)",Pre,11,1.99557442402216,0.970152812901276,0.360523966526432
"GIGG (QR)",Pre,12,2.11676778293282,1.09896852933519,0.37571445486111
"GIGG (QR)",Pre,13,2.17588939561692,1.11980003665403,0.385219317964521
"GIGG (QR)",Pre,14,2.08262701355017,1.10572657622002,0.376980198752454
"GIGG (QR)",Pre,15,2.07290015899863,1.0359263420846,0.367642126411038
"GIGG",Full,1,2.2356347139452,1.15263798847989,0.459154087227043
"GIGG",Full,2,2.07154566504582,1.04903216516148,0.396338419200903
"GIGG",Full,3,2.08808324399088,1.01379048289817,0.393444681607693
"GIGG",Full,4,2.118242499822,1.02966302486091,0.398022144949628
"GIGG",Full,5,1.99241160138912,0.972215863788001,0.374345037698092
"GIGG",Full,6,2.00365981616674,1.00410945156617,0.379966697731096
"GIGG",Full,7,1.93838297600958,0.974052203092542,0.37057203626576
"GIGG",Full,8,1.92123901989823,1.00461532797715,0.364233645119281
"GIGG",Full,9,1.89634666286031,0.991372872125325,0.363743945726261
"GIGG",Full,10,1.87009854266267,0.993881032377194,0.363151112542166
"GIGG",Full,11,1.89217991137725,1.0045879358247,0.365430559245611
"GIGG",Full,12,1.87443831795258,0.954728361989858,0.34073925693392
"GIGG",Full,13,1.84319689128505,0.937715340846158,0.333455161760138
"GIGG",Full,14,1.8405202036492,0.935177969796149,0.33317412407569
"GIGG",Full,15,1.90700998871026,0.930957567738994,0.35134743946337
"GIGG",GFC,1,4.76477479081935,3.31928353856879,1.40244104632082
"GIGG",GFC,2,4.92967597374175,2.4019169184247,1.03639236970483
"GIGG",GFC,3,5.06223489018531,2.48298505600308,1.06417661340124
"GIGG",GFC,4,5.17775441214183,2.56210072279352,1.09322779540519
"GIGG",GFC,5,5.0751330910756,2.48174020381282,1.05331364643373
"GIGG",GFC,6,5.02098709454614,2.47376927677695,1.04253161160604
"GIGG",GFC,7,4.7304483770407,2.32511902002249,1.00574553529259
"GIGG",GFC,8,4.8747818502468,2.38359926330935,1.02335119972303
"GIGG",GFC,9,4.78341408298909,2.34356634860058,1.00625270529065
"GIGG",GFC,10,4.71569388255152,2.31544216982349,0.990401028639359
"GIGG",GFC,11,4.86124599820484,2.38247448444843,1.02453211734527
"GIGG",GFC,12,4.75657147391299,2.35733615596691,0.97137542831669
"GIGG",GFC,13,4.87509613829673,2.43482021705286,0.995180262309666
"GIGG",GFC,14,4.84365207260637,2.42298908003309,0.996125998303761
"GIGG",GFC,15,4.64240921300546,2.47376454930126,1.01609193059943
"GIGG",Tranquil,1,1.01940664627577,0.762681891040655,0.313554638520749
"GIGG",Tranquil,2,0.988736046226754,0.721949104934533,0.265126395598228
"GIGG",Tranquil,3,0.975749272403091,0.6836910045261,0.264281728927556
"GIGG",Tranquil,4,0.947540934637292,0.684284283792525,0.262330044043585
"GIGG",Tranquil,5,0.949973917956705,0.679862008657384,0.257808195656889
"GIGG",Tranquil,6,0.932307286311669,0.67095876688407,0.255278457493881
"GIGG",Tranquil,7,0.939105006786238,0.667738740349395,0.250596549963977
"GIGG",Tranquil,8,0.937981846679442,0.664766629534476,0.250682876976359
"GIGG",Tranquil,9,0.937126132486543,0.658549679623595,0.247877705593507
"GIGG",Tranquil,10,0.909799688451351,0.645703887028401,0.24563104789645
"GIGG",Tranquil,11,0.904842647933909,0.646054163425739,0.247814243034534
"GIGG",Tranquil,12,0.97849487274109,0.652971753405588,0.236308028791735
"GIGG",Tranquil,13,0.917972544843408,0.641750371292344,0.233579765168234
"GIGG",Tranquil,14,0.933897543859322,0.649178171408574,0.235227672036966
"GIGG",Tranquil,15,0.784220788768059,0.581764059804487,0.224645852401508
"GIGG",Pandemic,1,1.99865783469873,1.17062653210268,0.426694472001846
"GIGG",Pandemic,2,2.07773992794018,1.19957921250463,0.42834272297505
"GIGG",Pandemic,3,2.03773736845869,1.1354411963627,0.413086122634804
"GIGG",Pandemic,4,2.05803928425978,1.15833326474453,0.421407331743493
"GIGG",Pandemic,5,1.7771447902462,1.01919435649846,0.370540596885536
"GIGG",Pandemic,6,1.89201591268274,1.13070981034986,0.394532331579596
"GIGG",Pandemic,7,1.8602767605332,1.09051348605989,0.385272242885907
"GIGG",Pandemic,8,1.70165250716603,1.16882617757639,0.361242305264723
"GIGG",Pandemic,9,1.70819115459121,1.15168842898959,0.369455957741236
"GIGG",Pandemic,10,1.72615158179386,1.18872094287001,0.37606999475668
"GIGG",Pandemic,11,1.6752849041205,1.20026064647438,0.369219798485006
"GIGG",Pandemic,12,1.64553352392897,1.04856210305367,0.330855753850918
"GIGG",Pandemic,13,1.53085984707964,0.994334701208892,0.306911001753031
"GIGG",Pandemic,14,1.51394005961391,0.977899393289666,0.303057247490375
"GIGG",Pandemic,15,1.82271298318044,1.06296137800751,0.368632941318457
"GIGG",Pre,1,2.36818474612256,1.14345234918314,0.475729209895228
"GIGG",Pre,2,2.08817420467673,0.972157077156473,0.379995795997083
"GIGG",Pre,3,2.13131392828397,0.951670969639693,0.383415009593849
"GIGG",Pre,4,2.16550368741559,0.963959072579906,0.386080772969782
"GIGG",Pre,5,2.10942922509795,0.948226846233725,0.376287730878972
"GIGG",Pre,6,2.0668976320726,0.939462459846838,0.372528927255266
"GIGG",Pre,7,1.98312198588332,0.914582611790069,0.363065547778876
"GIGG",Pre,8,2.0367836909224,0.920762979245626,0.365761137810971
"GIGG",Pre,9,1.99703621264758,0.909509609045699,0.360827173633508
"GIGG",Pre,10,1.95272606685299,0.894388312125541,0.356554236517734
"GIGG",Pre,11,2.00608925393414,0.904669955918479,0.363495628570176
"GIGG",Pre,12,1.97099033879924,0.90681326017004,0.345786152125239
"GIGG",Pre,13,1.97884240530577,0.90880332704391,0.347009626444617
"GIGG",Pre,14,1.98347271930058,0.913362774820736,0.348552954672447
"GIGG",Pre,15,1.95980941152956,0.863551366750814,0.34252080021822
"PCA-MIDAS",Full,1,2.26669014822373,1.15216919474469,0.471601022102177
"PCA-MIDAS",Full,2,2.19852593925073,1.08175923495482,0.431935446162346
"PCA-MIDAS",Full,3,2.21320542355385,1.10134123992213,0.433124696121325
"PCA-MIDAS",Full,4,2.32610694171293,1.11939073359341,0.44046381497717
"PCA-MIDAS",Full,5,2.35354223063489,1.14039891711325,0.447310288352745
"PCA-MIDAS",Full,6,2.32769581869463,1.13415949066847,0.441981466225181
"PCA-MIDAS",Full,7,2.35617452991019,1.13353417769306,0.446970112411291
"PCA-MIDAS",Full,8,2.20198514929502,1.08387653575714,0.422997790290724
"PCA-MIDAS",Full,9,2.15864625434741,1.06611908690409,0.416760668561468
"PCA-MIDAS",Full,10,2.15250772264909,1.06291859791885,0.412339206204424
"PCA-MIDAS",Full,11,2.15753561910162,1.06046140278022,0.408391560524792
"PCA-MIDAS",Full,12,2.11619494027729,1.03321387659511,0.38952788509115
"PCA-MIDAS",Full,13,2.08014921124742,1.02156166765073,0.386831393903701
"PCA-MIDAS",Full,14,2.09718194363141,1.02436763362719,0.38879376769456
"PCA-MIDAS",Full,15,2.06300547806475,0.99232790980141,0.378572034207859
"PCA-MIDAS",GFC,1,5.00206996918206,3.40383404707582,1.42814803020419
"PCA-MIDAS",GFC,2,5.35106879530821,2.75107649144281,1.12305683091369
"PCA-MIDAS",GFC,3,5.37086025671398,2.81640103699861,1.13379493867496
"PCA-MIDAS",GFC,4,5.41207435344082,2.78225631523505,1.12751061224446
"PCA-MIDAS",GFC,5,5.41756317310878,2.84665399214618,1.12560677184731
"PCA-MIDAS",GFC,6,5.33750698585063,2.76759792053371,1.10380147272508
"PCA-MIDAS",GFC,7,5.31900304751031,2.78310970119654,1.10116507195569
"PCA-MIDAS",GFC,8,5.41002533253267,2.80724219566165,1.12528434081029
"PCA-MIDAS",GFC,9,5.37018950444949,2.78158422127484,1.11192548041287
"PCA-MIDAS",GFC,10,5.27820086589426,2.73925239637711,1.09188208727448
"PCA-MIDAS",GFC,11,5.40162859037339,2.80636767522497,1.11823864053261
"PCA-MIDAS",GFC,12,5.45831276760946,2.89781569648094,1.12116521766191
"PCA-MIDAS",GFC,13,5.31415495399049,2.78445130672464,1.09810589216088
"PCA-MIDAS",GFC,14,5.48084892189491,2.85791021872985,1.13320967568044
"PCA-MIDAS",GFC,15,5.5249900632131,2.86375421853829,1.13030142842904
"PCA-MIDAS",Tranquil,1,1.02870292468296,0.757668979590308,0.320352104865942
"PCA-MIDAS",Tranquil,2,1.03506295064928,0.701637313867285,0.284590670843946
"PCA-MIDAS",Tranquil,3,1.0104751322342,0.695254353560103,0.278880437310146
"PCA-MIDAS",Tranquil,4,0.998813339974872,0.677800177488169,0.277167577174254
"PCA-MIDAS",Tranquil,5,0.965512047222912,0.663045773087144,0.270086227928564
"PCA-MIDAS",Tranquil,6,0.991277035502855,0.668091606961067,0.273067615254189
"PCA-MIDAS",Tranquil,7,0.993461409887319,0.64992817057221,0.265317137812373
"PCA-MIDAS",Tranquil,8,0.979532543466602,0.655679363721873,0.264865165572823
"PCA-MIDAS",Tranquil,9,0.973159988610477,0.648334905230105,0.260859840248785
"PCA-MIDAS",Tranquil,10,0.987555967625848,0.649274391993609,0.262174224071847
"PCA-MIDAS",Tranquil,11,0.953152682788289,0.641894531073234,0.25611718025524
"PCA-MIDAS",Tranquil,12,0.970157426639876,0.619633849798407,0.248822086980867
"PCA-MIDAS",Tranquil,13,0.975344101043324,0.62643530996848,0.248674571055189
"PCA-MIDAS",Tranquil,14,0.936815490591718,0.622309163215588,0.250796432834553
"PCA-MIDAS",Tranquil,15,0.8869693690993,0.605251762909338,0.248651005461795
"PCA-MIDAS",Pandemic,1,2.0525196911787,1.15293397140542,0.444689673466148
"PCA-MIDAS",Pandemic,2,2.28084065807228,1.22841157029172,0.475933001140537
"PCA-MIDAS",Pandemic,3,2.32221693756218,1.27792694304486,0.48583630672848
"PCA-MIDAS",Pandemic,4,2.60797150955129,1.37037253245667,0.512235562112404
"PCA-MIDAS",Pandemic,5,2.70862525856847,1.43832976027216,0.544847248040464
"PCA-MIDAS",Pandemic,6,2.67401518629804,1.43451975480345,0.530473715947696
"PCA-MIDAS",Pandemic,7,2.71859831988533,1.45841799520597,0.558918206875704
"PCA-MIDAS",Pandemic,8,2.28079847936412,1.2948901716771,0.481718587585685
"PCA-MIDAS",Pandemic,9,2.21200588746012,1.26208205883592,0.473838978959281
"PCA-MIDAS",Pandemic,10,2.23191110632337,1.26339491657726,0.46441416944662
"PCA-MIDAS",Pandemic,11,2.18938322657339,1.24885019282881,0.455143462638432
"PCA-MIDAS",Pandemic,12,2.02460257093115,1.17867172378958,0.410643326608483
"PCA-MIDAS",Pandemic,13,2.01968763813771,1.16592945239125,0.409637703326211
"PCA-MIDAS",Pandemic,14,1.97913347767796,1.15968183032491,0.401668019298688
"PCA-MIDAS",Pandemic,15,1.85622846983481,1.09162214790661,0.375852675470122
"PCA-MIDAS",Pre,1,2.38987400080156,1.15177867049241,0.485342987363128
"PCA-MIDAS",Pre,2,2.18029687205212,1.00687293605938,0.409468609577738
"PCA-MIDAS",Pre,3,2.17953627637702,1.01116981705094,0.406208129002778
"PCA-MIDAS",Pre,4,2.19452729174685,0.991229815024939,0.403814412184711
"PCA-MIDAS",Pre,5,2.17266184947018,0.988264018478915,0.397504181278164
"PCA-MIDAS",Pre,6,2.15398796786922,0.9807840366421,0.396793934451981
"PCA-MIDAS",Pre,7,2.15073218607175,0.967636058112004,0.389805128003931
"PCA-MIDAS",Pre,8,2.17666692847214,0.976124891883118,0.393012702310319
"PCA-MIDAS",Pre,9,2.14851405621478,0.96605288847081,0.387614297294499
"PCA-MIDAS",Pre,10,2.13017038290789,0.960547711795408,0.385747735612665
"PCA-MIDAS",Pre,11,2.15833982627437,0.964262871691577,0.384518248807189
"PCA-MIDAS",Pre,12,2.17989152959428,0.95893752909155,0.378745531975916
"PCA-MIDAS",Pre,13,2.13056474599356,0.947841947783227,0.37518561887944
"PCA-MIDAS",Pre,14,2.17483294048674,0.955271022547499,0.382219681769047
"PCA-MIDAS",Pre,15,2.17497863927545,0.941624469066841,0.379960642925002
"GIGG-SV (+financial)",Full,1,2.22872582067443,1.25274872648518,0.452564301381462
"GIGG-SV (+financial)",Full,2,1.96882341906954,1.03019958597375,0.364785974177965
"GIGG-SV (+financial)",Full,3,1.98911067067145,1.01714735972879,0.360993403812847
"GIGG-SV (+financial)",Full,4,2.03774840427318,1.03127669662345,0.370574326631586
"GIGG-SV (+financial)",Full,5,1.95831451746291,1.00548047468423,0.355142868406542
"GIGG-SV (+financial)",Full,6,1.96240437271609,0.981424155470535,0.35220253917578
"GIGG-SV (+financial)",Full,7,1.97090731159362,0.995374618578755,0.360718672327134
"GIGG-SV (+financial)",Full,8,1.89959853744511,1.02675742692014,0.3531719455486
"GIGG-SV (+financial)",Full,9,1.88864264099709,1.01879993112386,0.350257867760329
"GIGG-SV (+financial)",Full,10,1.89504451825443,1.01462606489462,0.355984757950694
"GIGG-SV (+financial)",Full,11,1.96764344571538,1.00085346244211,0.354397328126836
"GIGG-SV (+financial)",Full,12,1.88855115199273,0.970866912688367,0.340457656634464
"GIGG-SV (+financial)",Full,13,1.88630914343765,0.971614700551101,0.343677765109213
"GIGG-SV (+financial)",Full,14,1.87567025808218,0.960231083148571,0.33825091916975
"GIGG-SV (+financial)",Full,15,2.00222427183259,0.982958436247756,0.349875078007619
"GIGG-SV (+financial)",GFC,1,4.57304714025348,3.64294749483901,1.52745181038783
"GIGG-SV (+financial)",GFC,2,4.24499851416227,2.91459418792682,1.20426085311732
"GIGG-SV (+financial)",GFC,3,4.42110648409394,2.96324842140758,1.23917340032496
"GIGG-SV (+financial)",GFC,4,4.48287645367188,3.01415633842745,1.27406677731782
"GIGG-SV (+financial)",GFC,5,4.41169686040285,2.81094504494199,1.20087755692911
"GIGG-SV (+financial)",GFC,6,4.46317123084836,2.87353191216034,1.21578676244709
"GIGG-SV (+financial)",GFC,7,4.63897341481402,2.96320121557924,1.28361565402583
"GIGG-SV (+financial)",GFC,8,4.44116355018592,2.87066311693334,1.23056979046868
"GIGG-SV (+financial)",GFC,9,4.41867415805827,2.81263826279761,1.20871987286721
"GIGG-SV (+financial)",GFC,10,4.65613142736643,2.88107292835055,1.25152621461485
"GIGG-SV (+financial)",GFC,11,4.67559849229871,2.93383831667083,1.28535374715141
"GIGG-SV (+financial)",GFC,12,4.5420769269495,2.89009978756394,1.25737302019428
"GIGG-SV (+financial)",GFC,13,4.52177139714243,2.91964690579572,1.26055002611541
"GIGG-SV (+financial)",GFC,14,4.51634750882576,2.88968840995419,1.24114237429407
"GIGG-SV (+financial)",GFC,15,4.62190850050376,3.03900943963752,1.29623333575451
"GIGG-SV (+financial)",Tranquil,1,1.06114713962724,0.811685088936822,0.250132456201436
"GIGG-SV (+financial)",Tranquil,2,0.836449172335053,0.620879118349112,0.191708840620238
"GIGG-SV (+financial)",Tranquil,3,0.825711036544522,0.611864776126425,0.191050437403255
"GIGG-SV (+financial)",Tranquil,4,0.834109084959809,0.612705611177321,0.193825669248419
"GIGG-SV (+financial)",Tranquil,5,0.862707739862553,0.626168745376644,0.195328906135124
"GIGG-SV (+financial)",Tranquil,6,0.830199047461276,0.601784650518225,0.188406050434157
"GIGG-SV (+financial)",Tranquil,7,0.811179390420706,0.619015326134372,0.191532815680074
"GIGG-SV (+financial)",Tranquil,8,0.815243512022164,0.614590884163914,0.190521589647357
"GIGG-SV (+financial)",Tranquil,9,0.836860206565316,0.621635810471611,0.191476864605991
"GIGG-SV (+financial)",Tranquil,10,0.812562463788481,0.621143551512059,0.192129438966367
"GIGG-SV (+financial)",Tranquil,11,0.851387559898903,0.606770723555728,0.191986149306883
"GIGG-SV (+financial)",Tranquil,12,0.819457972932683,0.609483110216688,0.183467097878721
"GIGG-SV (+financial)",Tranquil,13,0.792488561526713,0.605545111969217,0.184276190312645
"GIGG-SV (+financial)",Tranquil,14,0.787484697019689,0.593240279563208,0.180517695164059
"GIGG-SV (+financial)",Tranquil,15,0.784215096423987,0.580975653296607,0.179174766742498
"GIGG-SV (+financial)",Pandemic,1,2.02590905352208,1.29071348162924,0.476441853221313
"GIGG-SV (+financial)",Pandemic,2,1.92877388829278,1.16278527311183,0.408401023750197
"GIGG-SV (+financial)",Pandemic,3,1.88041435856514,1.12500552274307,0.388095848846134
"GIGG-SV (+financial)",Pandemic,4,1.94719330224958,1.15055527684082,0.401636790820046
"GIGG-SV (+financial)",Pandemic,5,1.84362286333424,1.11107285720503,0.374826854706489
"GIGG-SV (+financial)",Pandemic,6,1.79070473199977,1.06229190135652,0.37331795529102
"GIGG-SV (+financial)",Pandemic,7,1.78896070487734,1.04869068186092,0.373516813743448
"GIGG-SV (+financial)",Pandemic,8,1.66908740469025,1.17589583859335,0.368348167282315
"GIGG-SV (+financial)",Pandemic,9,1.6995083891077,1.15753728547275,0.364508121528051
"GIGG-SV (+financial)",Pandemic,10,1.5935510163108,1.12604991869091,0.36787736473086
"GIGG-SV (+financial)",Pandemic,11,1.63512439786204,1.09387077810271,0.353553670611255
"GIGG-SV (+financial)",Pandemic,12,1.52735128461949,1.01339699496912,0.33467494018909
"GIGG-SV (+financial)",Pandemic,13,1.55529556093702,1.0135546216579,0.341925980310018
"GIGG-SV (+financial)",Pandemic,14,1.53589038314693,1.00912403547254,0.337796284767977
"GIGG-SV (+financial)",Pandemic,15,1.74401304708091,1.05324819851099,0.358354438273311
"GIGG-SV (+financial)",Pre,1,2.34190939621369,1.23336246853928,0.440371508952602
"GIGG-SV (+financial)",Pre,2,1.99512033016728,0.962496256371324,0.342514459502782
"GIGG-SV (+financial)",Pre,3,2.04815406408798,0.962070850955534,0.34715385741287
"GIGG-SV (+financial)",Pre,4,2.08848526694983,0.970368485448617,0.35471264279067
"GIGG-SV (+financial)",Pre,5,2.02650683555952,0.951560960205525,0.345091471146994
"GIGG-SV (+financial)",Pre,6,2.05238618257218,0.94012998735854,0.341420199031828
"GIGG-SV (+financial)",Pre,7,2.06070061259571,0.968149394775097,0.354183451178378
"GIGG-SV (+financial)",Pre,8,2.02312406632695,0.950601642235956,0.345422385514362
"GIGG-SV (+financial)",Pre,9,1.99588331697212,0.947955324647823,0.34298114243213
"GIGG-SV (+financial)",Pre,10,2.0443445287661,0.957728777849706,0.349911937467205
"GIGG-SV (+financial)",Pre,11,2.12605450257243,0.95335525870053,0.354828131964579
"GIGG-SV (+financial)",Pre,12,2.05888642553787,0.949149423864151,0.343410533117208
"GIGG-SV (+financial)",Pre,13,2.04309865376155,0.950198570624228,0.344572293517312
"GIGG-SV (+financial)",Pre,14,2.03661920161086,0.935264469195908,0.338483072906826
"GIGG-SV (+financial)",Pre,15,2.1277385130889,0.947065791687805,0.3455451919145
"GIGG-SV, 12 lags (+financial)",Full,1,2.22583179936042,1.23999133308942,0.45099825809913
"GIGG-SV, 12 lags (+financial)",Full,2,2.05586046931935,1.08646736625841,0.38364253793534
"GIGG-SV, 12 lags (+financial)",Full,3,2.03212148248112,1.07262223743822,0.371540339034745
"GIGG-SV, 12 lags (+financial)",Full,4,2.00863022053165,1.06302450024997,0.372240100493875
"GIGG-SV, 12 lags (+financial)",Full,5,1.93464116600893,1.04278152289059,0.365765086685835
"GIGG-SV, 12 lags (+financial)",Full,6,1.96576844896903,1.05082144624753,0.366670063662707
"GIGG-SV, 12 lags (+financial)",Full,7,1.88570469044682,1.04279352900218,0.361503068210588
"GIGG-SV, 12 lags (+financial)",Full,8,2.07690427653946,1.10485954753508,0.362374627283076
"GIGG-SV, 12 lags (+financial)",Full,9,1.82831177374792,1.0535395238501,0.344621433907596
"GIGG-SV, 12 lags (+financial)",Full,10,1.95141085615795,1.07436689916714,0.35618040187467
"GIGG-SV, 12 lags (+financial)",Full,11,1.93532433646528,1.07941861436353,0.361800794375021
"GIGG-SV, 12 lags (+financial)",Full,12,1.7114121226156,0.958950602569844,0.329558074411706
"GIGG-SV, 12 lags (+financial)",Full,13,1.74605974359857,0.967715381761238,0.330454461296242
"GIGG-SV, 12 lags (+financial)",Full,14,1.768048519044,0.952227737884615,0.328065706337637
"GIGG-SV, 12 lags (+financial)",Full,15,1.90093914627501,0.965631107289929,0.337635261263702
"GIGG-SV, 12 lags (+financial)",GFC,1,4.54923651200268,3.70406539598059,1.54330312657228
"GIGG-SV, 12 lags (+financial)",GFC,2,4.48529573382346,3.02611956594228,1.27314473683507
"GIGG-SV, 12 lags (+financial)",GFC,3,4.47199996501103,2.91377716977505,1.237519639622
"GIGG-SV, 12 lags (+financial)",GFC,4,4.44824724924695,2.91139388319679,1.24293882493317
"GIGG-SV, 12 lags (+financial)",GFC,5,4.42296549836871,2.85323183935112,1.22886074742904
"GIGG-SV, 12 lags (+financial)",GFC,6,4.35778113850041,2.82134230321685,1.19825096398014
"GIGG-SV, 12 lags (+financial)",GFC,7,4.20133081935323,2.74731763313493,1.16879587214819
"GIGG-SV, 12 lags (+financial)",GFC,8,4.41455917753803,2.75194744514724,1.17263012454341
"GIGG-SV, 12 lags (+financial)",GFC,9,4.33638415106597,2.77699874330858,1.15607086233596
"GIGG-SV, 12 lags (+financial)",GFC,10,4.4120811668033,2.7034628635421,1.1612608637779
"GIGG-SV, 12 lags (+financial)",GFC,11,4.52312006941435,2.78701564268183,1.20117937357852
"GIGG-SV, 12 lags (+financial)",GFC,12,4.35550527437501,2.60111146476661,1.12990396412399
"GIGG-SV, 12 lags (+financial)",GFC,13,4.37688009369369,2.59239292557733,1.12379692965761
"GIGG-SV, 12 lags (+financial)",GFC,14,4.48913453445827,2.74245204197978,1.17835162601158
"GIGG-SV, 12 lags (+financial)",GFC,15,4.70041214213944,2.91113442359338,1.2582244821644
"GIGG-SV, 12 lags (+financial)",Tranquil,1,0.966594832052537,0.780627822368836,0.245931724204465
"GIGG-SV, 12 lags (+financial)",Tranquil,2,0.857410421052946,0.659172927283444,0.201493680039103
"GIGG-SV, 12 lags (+financial)",Tranquil,3,0.884277662925616,0.657561048846662,0.199224978865326
"GIGG-SV, 12 lags (+financial)",Tranquil,4,0.837776764227343,0.654156162498163,0.200065583476176
"GIGG-SV, 12 lags (+financial)",Tranquil,5,0.880835797210581,0.66152760002962,0.201811438118306
"GIGG-SV, 12 lags (+financial)",Tranquil,6,0.898212649285141,0.658671697457767,0.201630668534322
"GIGG-SV, 12 lags (+financial)",Tranquil,7,0.866405358914092,0.664464715293385,0.200843037123273
"GIGG-SV, 12 lags (+financial)",Tranquil,8,0.872666645620019,0.660789838837537,0.19751400937139
"GIGG-SV, 12 lags (+financial)",Tranquil,9,0.871838493469094,0.654505254013926,0.193241914732864
"GIGG-SV, 12 lags (+financial)",Tranquil,10,0.857784037007185,0.65814065484196,0.196503311393595
"GIGG-SV, 12 lags (+financial)",Tranquil,11,0.981315858394567,0.672501061782417,0.203423465887385
"GIGG-SV, 12 lags (+financial)",Tranquil,12,0.804156721474137,0.635783799544013,0.190348887680883
"GIGG-SV, 12 lags (+financial)",Tranquil,13,0.833603724316992,0.650912388992815,0.196671416083604
"GIGG-SV, 12 lags (+financial)",Tranquil,14,0.782333442645193,0.6104655756426,0.18404403693152
"GIGG-SV, 12 lags (+financial)",Tranquil,15,0.786096283337733,0.594339024138907,0.180270884575781
"GIGG-SV, 12 lags (+financial)",Pandemic,1,2.03427559332818,1.28690891594714,0.474186894618902
"GIGG-SV, 12 lags (+financial)",Pandemic,2,2.0663219939556,1.23289287297556,0.427785826416647
"GIGG-SV, 12 lags (+financial)",Pandemic,3,2.04573658820155,1.22738736315923,0.40615530997916
"GIGG-SV, 12 lags (+financial)",Pandemic,4,1.98946018220442,1.20536399314348,0.405243834228579
"GIGG-SV, 12 lags (+financial)",Pandemic,5,1.87005014724425,1.15015671869121,0.387284933248281
"GIGG-SV, 12 lags (+financial)",Pandemic,6,1.92446602302671,1.1880024442811,0.399191292950766
"GIGG-SV, 12 lags (+financial)",Pandemic,7,1.89418321115286,1.17618868814478,0.39380938554098
"GIGG-SV, 12 lags (+financial)",Pandemic,8,2.34436772698365,1.36457509189412,0.40081780376829
"GIGG-SV, 12 lags (+financial)",Pandemic,9,1.70703964378811,1.21592103456833,0.360247882573873
"GIGG-SV, 12 lags (+financial)",Pandemic,10,2.04873194508141,1.2929243167664,0.387493751288019
"GIGG-SV, 12 lags (+financial)",Pandemic,11,1.79192383306004,1.25956540207255,0.380944256253395
"GIGG-SV, 12 lags (+financial)",Pandemic,12,1.47926312574788,1.01859835613884,0.328139167796996
"GIGG-SV, 12 lags (+financial)",Pandemic,13,1.51230692037099,1.02185608609558,0.322034650045239
"GIGG-SV, 12 lags (+financial)",Pandemic,14,1.43571513555845,0.99968258626022,0.320101762109598
"GIGG-SV, 12 lags (+financial)",Pandemic,15,1.57273656494036,1.01701277861979,0.331404032980866
"GIGG-SV, 12 lags (+financial)",Pre,1,2.33188068795387,1.21603341843867,0.439157252216693
"GIGG-SV, 12 lags (+financial)",Pre,2,2.05895490556719,1.01169689474327,0.361101284242757
"GIGG-SV, 12 lags (+financial)",Pre,3,2.03825481250294,0.993593237070038,0.353864609190788
"GIGG-SV, 12 lags (+financial)",Pre,4,2.03550100026425,0.990340503878809,0.355387130076153
"GIGG-SV, 12 lags (+financial)",Pre,5,1.98316223634612,0.987951635673248,0.354776228866713
"GIGG-SV, 12 lags (+financial)",Pre,6,2.00206719488485,0.980771574911247,0.350063478494337
"GIGG-SV, 12 lags (+financial)",Pre,7,1.89811606904086,0.974676851993188,0.345006225318473
"GIGG-SV, 12 lags (+financial)",Pre,8,1.93867766163587,0.972238844032599,0.342744069077861
"GIGG-SV, 12 lags (+financial)",Pre,9,1.90207722346719,0.970621305611002,0.336641970758858
"GIGG-SV, 12 lags (+financial)",Pre,10,1.91602293513874,0.962763111456875,0.340190606429555
"GIGG-SV, 12 lags (+financial)",Pre,11,2.01812621698694,0.987428765320627,0.352025409586064
"GIGG-SV, 12 lags (+financial)",Pre,12,1.83383663680544,0.928492175215464,0.330282622470282
"GIGG-SV, 12 lags (+financial)",Pre,13,1.86970679538338,0.940069064654338,0.33475393938186
"GIGG-SV, 12 lags (+financial)",Pre,14,1.92790864783868,0.927995474884307,0.332132401262593
"GIGG-SV, 12 lags (+financial)",Pre,15,2.06122570487932,0.939393658100212,0.340817165067703
"GIGG (+financial)",Full,1,2.20033011517573,1.19039816418885,0.469203394902346
"GIGG (+financial)",Full,2,2.02658735122091,1.02905941521447,0.371029979293162
"GIGG (+financial)",Full,3,2.01992472786463,1.01053503494275,0.365962263471473
"GIGG (+financial)",Full,4,2.01089123787448,1.01214187412559,0.360221694679545
"GIGG (+financial)",Full,5,1.97482001113255,0.992948448352937,0.355776929267631
"GIGG (+financial)",Full,6,2.06582366649938,1.0542853858945,0.373181696554687
"GIGG (+financial)",Full,7,2.03888017980464,1.07065932777935,0.385898955893082
"GIGG (+financial)",Full,8,2.08519429875554,1.11687306287631,0.381947947520065
"GIGG (+financial)",Full,9,1.94060121841501,1.06223184933578,0.375332199886198
"GIGG (+financial)",Full,10,2.06305344821229,1.08983504754715,0.37097094411372
"GIGG (+financial)",Full,11,2.38372025772521,1.17135080927137,0.397257809946848
"GIGG (+financial)",Full,12,2.02296540680249,1.03163938348654,0.355354759085337
"GIGG (+financial)",Full,13,1.97891764530169,1.01722575131891,0.347383701279101
"GIGG (+financial)",Full,14,1.94510355363908,1.00900459848688,0.341142147556136
"GIGG (+financial)",Full,15,1.98346014611573,0.969740613845578,0.356952904158879
"GIGG (+financial)",GFC,1,4.50443257191561,3.30890896064633,1.40852999079967
"GIGG (+financial)",GFC,2,4.49348296211516,2.66795885346693,1.06503571600415
"GIGG (+financial)",GFC,3,4.62864297517484,2.68299618536574,1.06828667976137
"GIGG (+financial)",GFC,4,4.60786504687107,2.64224605562159,1.06529266804165
"GIGG (+financial)",GFC,5,4.62973703614218,2.53065348908123,1.02743983632228
"GIGG (+financial)",GFC,6,5.10438247860974,3.05846568503866,1.19717385620096
"GIGG (+financial)",GFC,7,4.78469519294074,2.92922644783072,1.16553623753145
"GIGG (+financial)",GFC,8,4.99583146832582,3.00273596087409,1.20336417638222
"GIGG (+financial)",GFC,9,4.63717239118182,2.81769994771287,1.11728341680642
"GIGG (+financial)",GFC,10,4.98863935211611,2.71549232622831,1.07726014201652
"GIGG (+financial)",GFC,11,5.06530736445598,2.67816581299705,1.06965251290076
"GIGG (+financial)",GFC,12,5.11516884582915,2.70780787670154,1.09721869932511
"GIGG (+financial)",GFC,13,5.11869561278431,2.73976150892894,1.09508525846942
"GIGG (+financial)",GFC,14,4.95239593931985,2.72186111954001,1.06012949130532
"GIGG (+financial)",GFC,15,4.72834145917097,2.67228566121727,1.06288075492438
"GIGG (+financial)",Tranquil,1,0.910740367557336,0.784432391816175,0.311876934898591
"GIGG (+financial)",Tranquil,2,1.07981360373131,0.734985152007795,0.249356574716866
"GIGG (+financial)",Tranquil,3,1.06422883804796,0.722808994517082,0.248916712993898
"GIGG (+financial)",Tranquil,4,1.0155578825511,0.713310570711398,0.242330260124394
"GIGG (+financial)",Tranquil,5,1.057255855892,0.720475987883272,0.246114880609225
"GIGG (+financial)",Tranquil,6,1.03378758034095,0.697311365155277,0.236856727324749
"GIGG (+financial)",Tranquil,7,1.06380977436442,0.719841314959123,0.242668879390613
"GIGG (+financial)",Tranquil,8,1.04350719143271,0.713356593481998,0.240941421922574
"GIGG (+financial)",Tranquil,9,1.05878484215963,0.707990373162506,0.2461836678232
"GIGG (+financial)",Tranquil,10,0.882134699981727,0.627723223190956,0.220377156876633
"GIGG (+financial)",Tranquil,11,0.912360431413588,0.624644164864822,0.219561964656603
"GIGG (+financial)",Tranquil,12,0.959091026583773,0.649964206415623,0.219862291070448
"GIGG (+financial)",Tranquil,13,0.884764497917422,0.631763256329444,0.215043564485703
"GIGG (+financial)",Tranquil,14,0.938725316152934,0.651431024203293,0.217788575612858
"GIGG (+financial)",Tranquil,15,0.750508347475119,0.576278602554997,0.21460516119858
"GIGG (+financial)",Pandemic,1,2.13360436285822,1.24910880250987,0.457443904438552
"GIGG (+financial)",Pandemic,2,1.78978213144735,1.04117085106864,0.371400647046285
"GIGG (+financial)",Pandemic,3,1.73094535398923,1.00227726677884,0.356193559516212
"GIGG (+financial)",Pandemic,4,1.77694105395361,1.03474699354625,0.351061718374183
"GIGG (+financial)",Pandemic,5,1.7085532115312,0.998571912256625,0.342645329140704
"GIGG (+financial)",Pandemic,6,1.77418542591273,1.06468949987615,0.360058932041087
"GIGG (+financial)",Pandemic,7,1.85660508281379,1.11327393913141,0.397221542919339
"GIGG (+financial)",Pandemic,8,1.88279956907481,1.23935716661749,0.377379090097754
"GIGG (+financial)",Pandemic,9,1.65454959772247,1.14062278093124,0.37417731505613
"GIGG (+financial)",Pandemic,10,2.09526146920117,1.38587138185881,0.415959573453881
"GIGG (+financial)",Pandemic,11,2.92230117469923,1.64304084052896,0.497302430402366
"GIGG (+financial)",Pandemic,12,1.80539281565157,1.17888220141701,0.364798556540219
"GIGG (+financial)",Pandemic,13,1.75195589662996,1.15725698033175,0.349870975087587
"GIGG (+financial)",Pandemic,14,1.69431754021644,1.10537740365236,0.337026792201421
"GIGG (+financial)",Pandemic,15,1.9535923144652,1.12893499384647,0.388303519286106
"GIGG (+financial)",Pre,1,2.2395284327028,1.1604182637696,0.475208241096624
"GIGG (+financial)",Pre,2,2.13940268267293,1.02287485222511,0.370840702142631
"GIGG (+financial)",Pre,3,2.16261507967083,1.0147517676222,0.370950537831606
"GIGG (+financial)",Pre,4,2.12699833721766,1.00059883442143,0.364899129388666
"GIGG (+financial)",Pre,5,2.11142594390839,0.990076892317011,0.362482427204786
"GIGG (+financial)",Pre,6,2.21210060374331,1.04897264684004,0.379882682689291
"GIGG (+financial)",Pre,7,2.13927241638753,1.04889867517404,0.380117209326483
"GIGG (+financial)",Pre,8,2.20090574254193,1.0543279886255,0.384280981097415
"GIGG (+financial)",Pre,9,2.08739901251902,1.02220243745724,0.375921928310063
"GIGG (+financial)",Pre,10,2.06829405469745,0.938667557685881,0.347998027003851
"GIGG (+financial)",Pre,11,2.08935185525478,0.930487814586643,0.346171195246158
"GIGG (+financial)",Pre,12,2.13006857274373,0.95645156156459,0.350532394427524
"GIGG (+financial)",Pre,13,2.08800043983541,0.945720442886816,0.346113604015194
"GIGG (+financial)",Pre,14,2.06615242455514,0.959792953295996,0.343243605609607
"GIGG (+financial)",Pre,15,2.01033703235551,0.88844986661108,0.340944079413061
"GIGG-SV (+fin/foreign)",Full,1,2.21437874483455,1.24602133149749,0.453165409399924
"GIGG-SV (+fin/foreign)",Full,2,2.00321490009622,1.03170365671836,0.367077368835325
"GIGG-SV (+fin/foreign)",Full,3,2.03826082017762,1.03033239970219,0.371835163355966
"GIGG-SV (+fin/foreign)",Full,4,2.03045310434597,1.03323110570455,0.369902621506365
"GIGG-SV (+fin/foreign)",Full,5,1.94378442841343,0.989969333293962,0.357834368597399
"GIGG-SV (+fin/foreign)",Full,6,1.98429977720507,0.990717303342778,0.361167276903723
"GIGG-SV (+fin/foreign)",Full,7,1.95590203007947,0.994746730334791,0.355984152227078
"GIGG-SV (+fin/foreign)",Full,8,1.92993005013699,1.02658365722419,0.351890591143404
"GIGG-SV (+fin/foreign)",Full,9,1.85100272311869,1.01005376126672,0.348494731917804
"GIGG-SV (+fin/foreign)",Full,10,1.87869048940721,1.01604033733895,0.354854592957422
"GIGG-SV (+fin/foreign)",Full,11,1.92978129332971,1.03292604358166,0.360133642041061
"GIGG-SV (+fin/foreign)",Full,12,1.86401982550096,0.961692146777401,0.340064299616751
"GIGG-SV (+fin/foreign)",Full,13,1.88571818699643,0.967890040954359,0.337305033878871
"GIGG-SV (+fin/foreign)",Full,14,1.90773962029675,0.965661466066992,0.340665021696255
"GIGG-SV (+fin/foreign)",Full,15,2.001172373303,0.99470455172567,0.352517200286513
"GIGG-SV (+fin/foreign)",GFC,1,4.62994545583612,3.59024446799193,1.50783036645566
"GIGG-SV (+fin/foreign)",GFC,2,4.33607764372378,2.97412127184235,1.23883648786606
"GIGG-SV (+fin/foreign)",GFC,3,4.42037267152966,3.05325567282668,1.26745409885973
"GIGG-SV (+fin/foreign)",GFC,4,4.60156464114234,3.08463028838613,1.28515803399659
"GIGG-SV (+fin/foreign)",GFC,5,4.38066552414623,2.841557322021,1.20744482482987
"GIGG-SV (+fin/foreign)",GFC,6,4.41000786017954,2.90487921157263,1.2308507427019
"GIGG-SV (+fin/foreign)",GFC,7,4.36683226206838,2.96420820859477,1.2370864977565
"GIGG-SV (+fin/foreign)",GFC,8,4.5205143532162,2.98777288323829,1.26134254626347
"GIGG-SV (+fin/foreign)",GFC,9,4.39750827233596,2.8500538457353,1.22062358156782
"GIGG-SV (+fin/foreign)",GFC,10,4.42021397647399,2.9008149348741,1.26063734496393
"GIGG-SV (+fin/foreign)",GFC,11,4.52679526707368,2.97700983139724,1.27956550779448
"GIGG-SV (+fin/foreign)",GFC,12,4.46252235301286,2.82107281097188,1.23002245570552
"GIGG-SV (+fin/foreign)",GFC,13,4.56932462820586,2.90997600382326,1.2579045916296
"GIGG-SV (+fin/foreign)",GFC,14,4.6363814132236,2.95075130891974,1.27622804871068
"GIGG-SV (+fin/foreign)",GFC,15,4.62123709253132,2.97744753974774,1.27764115899089
"GIGG-SV (+fin/foreign)",Tranquil,1,1.055779245051,0.807256649851185,0.253484851541169
"GIGG-SV (+fin/foreign)",Tranquil,2,0.826184166096996,0.61285739774442,0.188843081577523
"GIGG-SV (+fin/foreign)",Tranquil,3,0.821498228105465,0.611668387900758,0.193726946092157
"GIGG-SV (+fin/foreign)",Tranquil,4,0.791274793973016,0.607071931138042,0.18767014928153
"GIGG-SV (+fin/foreign)",Tranquil,5,0.816127405842684,0.609920949775426,0.191550852504989
"GIGG-SV (+fin/foreign)",Tranquil,6,0.845932797101569,0.61524841847593,0.195334286131584
"GIGG-SV (+fin/foreign)",Tranquil,7,0.787664269164049,0.610380279857049,0.188689019825948
"GIGG-SV (+fin/foreign)",Tranquil,8,0.796152143047973,0.609318502983988,0.188608381982554
"GIGG-SV (+fin/foreign)",Tranquil,9,0.800132987715166,0.621664763249632,0.191200736430562
"GIGG-SV (+fin/foreign)",Tranquil,10,0.813323566430969,0.615889138740953,0.190199297284329
"GIGG-SV (+fin/foreign)",Tranquil,11,0.839843566203506,0.615695695752247,0.191830114155037
"GIGG-SV (+fin/foreign)",Tranquil,12,0.825952868860302,0.608616937441033,0.187083137230316
"GIGG-SV (+fin/foreign)",Tranquil,13,0.785577017890892,0.60232471073062,0.180774481106302
"GIGG-SV (+fin/foreign)",Tranquil,14,0.796517357217065,0.592572377213756,0.180121078460295
"GIGG-SV (+fin/foreign)",Tranquil,15,0.802629357638133,0.599772462540813,0.181369877579727
"GIGG-SV (+fin/foreign)",Pandemic,1,2.02032037932681,1.2935640527638,0.478355726689925
"GIGG-SV (+fin/foreign)",Pandemic,2,1.95657782500473,1.16324228393042,0.409871437881031
"GIGG-SV (+fin/foreign)",Pandemic,3,1.96951265978841,1.13808646470993,0.407460002607049
"GIGG-SV (+fin/foreign)",Pandemic,4,1.91421949758277,1.14517163503327,0.40667391323811
"GIGG-SV (+fin/foreign)",Pandemic,5,1.83374170453131,1.0833368091128,0.38717051235028
"GIGG-SV (+fin/foreign)",Pandemic,6,1.85407441229604,1.05820155488715,0.383897917332821
"GIGG-SV (+fin/foreign)",Pandemic,7,1.83292876029301,1.06093121663854,0.377821188782882
"GIGG-SV (+fin/foreign)",Pandemic,8,1.65730618043665,1.15001205670374,0.358770786168136
"GIGG-SV (+fin/foreign)",Pandemic,9,1.61748527533636,1.12070206665852,0.356280476581954
"GIGG-SV (+fin/foreign)",Pandemic,10,1.60206904283991,1.13323307738786,0.365093449744014
"GIGG-SV (+fin/foreign)",Pandemic,11,1.5914363734883,1.16128551851781,0.372471894339687
"GIGG-SV (+fin/foreign)",Pandemic,12,1.52486245050533,1.00783146861463,0.335461774734919
"GIGG-SV (+fin/foreign)",Pandemic,13,1.5517475920214,1.01072385215716,0.329681084155858
"GIGG-SV (+fin/foreign)",Pandemic,14,1.53444035663559,1.008492076657,0.335365710876982
"GIGG-SV (+fin/foreign)",Pandemic,15,1.80261110620396,1.07462466219399,0.36793491684238
"GIGG-SV (+fin/foreign)",Pre,1,2.32279537906598,1.22174419723385,0.440302268656094
"GIGG-SV (+fin/foreign)",Pre,2,2.03130305508895,0.964534996014325,0.345225078258794
"GIGG-SV (+fin/foreign)",Pre,3,2.07299202448707,0.97530904735781,0.353643756078817
"GIGG-SV (+fin/foreign)",Pre,4,2.09329005118269,0.976069984345205,0.3511257916859
"GIGG-SV (+fin/foreign)",Pre,5,2.00408566127167,0.942292324365192,0.34285421008529
"GIGG-SV (+fin/foreign)",Pre,6,2.05350165212503,0.956257260000971,0.34956014136546
"GIGG-SV (+fin/foreign)",Pre,7,2.01736160796549,0.960950396903093,0.344833325049647
"GIGG-SV (+fin/foreign)",Pre,8,2.06948249253756,0.963556389404841,0.348377300066945
"GIGG-SV (+fin/foreign)",Pre,9,1.97566846671944,0.953552498938987,0.344519032514834
"GIGG-SV (+fin/foreign)",Pre,10,2.01567157639209,0.956197236037379,0.349626240555758
"GIGG-SV (+fin/foreign)",Pre,11,2.09320458878438,0.967380779784481,0.353833257888572
"GIGG-SV (+fin/foreign)",Pre,12,2.0220106468074,0.938131642009458,0.342414525088325
"GIGG-SV (+fin/foreign)",Pre,13,2.04337304953635,0.946017456510375,0.341198114588495
"GIGG-SV (+fin/foreign)",Pre,14,2.08115687993597,0.943790515978476,0.343371052752905
"GIGG-SV (+fin/foreign)",Pre,15,2.10323958681903,0.953894282550356,0.344644323747347
"GIGG-SV, 12 lags (+fin/foreign)",Full,1,2.18291149843458,1.24508675755609,0.456167227813113
"GIGG-SV, 12 lags (+fin/foreign)",Full,2,2.07652338488712,1.08356357450476,0.380310488479031
"GIGG-SV, 12 lags (+fin/foreign)",Full,3,2.09257408804037,1.07707553122327,0.381401848060194
"GIGG-SV, 12 lags (+fin/foreign)",Full,4,2.08571990246183,1.05965394557523,0.376245554886192
"GIGG-SV, 12 lags (+fin/foreign)",Full,5,2.01068109307076,1.04380196523554,0.368177110449898
"GIGG-SV, 12 lags (+fin/foreign)",Full,6,1.99241961193446,1.04417271387215,0.370048430322564
"GIGG-SV, 12 lags (+fin/foreign)",Full,7,1.97731039425077,1.05052957978027,0.370360470502126
"GIGG-SV, 12 lags (+fin/foreign)",Full,8,2.05112195885072,1.10387990483456,0.36638341249745
"GIGG-SV, 12 lags (+fin/foreign)",Full,9,2.02433909723105,1.08964086002149,0.367891397681256
"GIGG-SV, 12 lags (+fin/foreign)",Full,10,1.94801237223739,1.07471405919708,0.363075443327545
"GIGG-SV, 12 lags (+fin/foreign)",Full,11,2.04597860512186,1.1101852317658,0.369734413094482
"GIGG-SV, 12 lags (+fin/foreign)",Full,12,1.74909214459665,0.966307380630293,0.329702546944271
"GIGG-SV, 12 lags (+fin/foreign)",Full,13,1.69280144061174,0.947200013342649,0.324880735114461
"GIGG-SV, 12 lags (+fin/foreign)",Full,14,1.84102407440875,0.97478891036321,0.33592119999019
"GIGG-SV, 12 lags (+fin/foreign)",Full,15,1.86907245453302,0.972813969117257,0.340030862648859
"GIGG-SV, 12 lags (+fin/foreign)",GFC,1,4.48011717346214,3.71777756389058,1.56077330156716
"GIGG-SV, 12 lags (+fin/foreign)",GFC,2,4.4952247562776,3.06045966827326,1.27918242404891
"GIGG-SV, 12 lags (+fin/foreign)",GFC,3,4.43654763507609,3.08685986259328,1.30533025056829
"GIGG-SV, 12 lags (+fin/foreign)",GFC,4,4.64428248328791,3.04607408391355,1.30317307793739
"GIGG-SV, 12 lags (+fin/foreign)",GFC,5,4.54418066900248,2.99494489197197,1.26890595773428
"GIGG-SV, 12 lags (+fin/foreign)",GFC,6,4.42804515101692,2.91094036048947,1.23291380263017
"GIGG-SV, 12 lags (+fin/foreign)",GFC,7,4.47222239453981,2.97118993968023,1.26141812678278
"GIGG-SV, 12 lags (+fin/foreign)",GFC,8,4.6401318638002,3.01418105685027,1.27920725664083
"GIGG-SV, 12 lags (+fin/foreign)",GFC,9,4.61980716440032,2.92221700992937,1.26122239729847
"GIGG-SV, 12 lags (+fin/foreign)",GFC,10,4.52144902180796,2.95146721402028,1.2626707001404
"GIGG-SV, 12 lags (+fin/foreign)",GFC,11,4.66721288330542,2.99443371501597,1.26302158579992
"GIGG-SV, 12 lags (+fin/foreign)",GFC,12,4.48812559271704,2.72863505325507,1.159049858642
"GIGG-SV, 12 lags (+fin/foreign)",GFC,13,4.22336784914906,2.59467768583784,1.12273596185451
"GIGG-SV, 12 lags (+fin/foreign)",GFC,14,4.69877880326445,2.88747081720266,1.23161303355964
"GIGG-SV, 12 lags (+fin/foreign)",GFC,15,4.62361593586939,2.87729685422934,1.22204168897593
"GIGG-SV, 12 lags (+fin/foreign)",Tranquil,1,0.9743881078515,0.79540745799503,0.253596646418777
"GIGG-SV, 12 lags (+fin/foreign)",Tranquil,2,0.856534338180351,0.658547094414531,0.19952435221764
"GIGG-SV, 12 lags (+fin/foreign)",Tranquil,3,0.869378716938708,0.651410212949717,0.198663114736581
"GIGG-SV, 12 lags (+fin/foreign)",Tranquil,4,0.866707363614442,0.654352729766153,0.200750197423071
"GIGG-SV, 12 lags (+fin/foreign)",Tranquil,5,0.851689423889588,0.65366819358196,0.201046266287522
"GIGG-SV, 12 lags (+fin/foreign)",Tranquil,6,0.874472077675245,0.655642085948573,0.200208943307466
"GIGG-SV, 12 lags (+fin/foreign)",Tranquil,7,0.81692413515957,0.660209899902353,0.19783309058985
"GIGG-SV, 12 lags (+fin/foreign)",Tranquil,8,0.834829706751743,0.646296290398679,0.19488819517871
"GIGG-SV, 12 lags (+fin/foreign)",Tranquil,9,0.841239892851729,0.642746331751302,0.19668919317479
"GIGG-SV, 12 lags (+fin/foreign)",Tranquil,10,0.851455721433592,0.645399734808377,0.19815252662083
"GIGG-SV, 12 lags (+fin/foreign)",Tranquil,11,0.973176879917425,0.683003194732709,0.205677142944845
"GIGG-SV, 12 lags (+fin/foreign)",Tranquil,12,0.793885999227961,0.635563970610703,0.191623351307898
"GIGG-SV, 12 lags (+fin/foreign)",Tranquil,13,0.780498629653218,0.62923711012972,0.188816809772425
"GIGG-SV, 12 lags (+fin/foreign)",Tranquil,14,0.792734956169673,0.62118757799729,0.190433940797346
"GIGG-SV, 12 lags (+fin/foreign)",Tranquil,15,0.819814985392278,0.611633129636629,0.18858272615729
"GIGG-SV, 12 lags (+fin/foreign)",Pandemic,1,1.97947762940392,1.27335077164362,0.471608091958742
"GIGG-SV, 12 lags (+fin/foreign)",Pandemic,2,2.08378454100074,1.21532968063933,0.419449734373467
"GIGG-SV, 12 lags (+fin/foreign)",Pandemic,3,2.06450033000639,1.20033063169626,0.416487286201355
"GIGG-SV, 12 lags (+fin/foreign)",Pandemic,4,2.01895030156899,1.155783431575,0.398383956434795
"GIGG-SV, 12 lags (+fin/foreign)",Pandemic,5,1.85116153116373,1.12494156436003,0.38401593692925
"GIGG-SV, 12 lags (+fin/foreign)",Pandemic,6,1.92157977058488,1.14724986348138,0.401445175091343
"GIGG-SV, 12 lags (+fin/foreign)",Pandemic,7,1.92970977908001,1.14086977460599,0.39801428727406
"GIGG-SV, 12 lags (+fin/foreign)",Pandemic,8,2.04937451042796,1.30934809288978,0.385968486820199
"GIGG-SV, 12 lags (+fin/foreign)",Pandemic,9,1.9950973916987,1.29996369674868,0.392673530303676
"GIGG-SV, 12 lags (+fin/foreign)",Pandemic,10,1.8170930244672,1.24285159635482,0.375565021268321
"GIGG-SV, 12 lags (+fin/foreign)",Pandemic,11,1.97796005407066,1.27258281920631,0.382621104638123
"GIGG-SV, 12 lags (+fin/foreign)",Pandemic,12,1.44519605604175,1.00353415948072,0.31794157375972
"GIGG-SV, 12 lags (+fin/foreign)",Pandemic,13,1.46476835403459,0.996623864219769,0.318946169552006
"GIGG-SV, 12 lags (+fin/foreign)",Pandemic,14,1.45953620494665,1.0062589081449,0.31715651385384
"GIGG-SV, 12 lags (+fin/foreign)",Pandemic,15,1.61178063726467,1.01930786009394,0.335191265789409
"GIGG-SV, 12 lags (+fin/foreign)",Pre,1,2.28860618998164,1.23065406951139,0.448282531228111
"GIGG-SV, 12 lags (+fin/foreign)",Pre,2,2.07865584529584,1.01627875435094,0.360324490575489
"GIGG-SV, 12 lags (+fin/foreign)",Pre,3,2.10894803553865,1.01413675651365,0.363485879647686
"GIGG-SV, 12 lags (+fin/foreign)",Pre,4,2.13067563125662,1.01056654846896,0.364940839201799
"GIGG-SV, 12 lags (+fin/foreign)",Pre,5,2.09489784951461,1.00236897844856,0.360089199056187
"GIGG-SV, 12 lags (+fin/foreign)",Pre,6,2.03867533559551,0.991537573646153,0.354016050015102
"GIGG-SV, 12 lags (+fin/foreign)",Pre,7,2.00791935142951,1.00439841646502,0.356239372576031
"GIGG-SV, 12 lags (+fin/foreign)",Pre,8,2.07124833018588,0.998959979019129,0.356382523481579
"GIGG-SV, 12 lags (+fin/foreign)",Pre,9,2.05860367405617,0.982241964671441,0.355236691661296
"GIGG-SV, 12 lags (+fin/foreign)",Pre,10,2.03053008438123,0.988856593414406,0.356697786506723
"GIGG-SV, 12 lags (+fin/foreign)",Pre,11,2.09642706016226,1.0272588041366,0.363153974859431
"GIGG-SV, 12 lags (+fin/foreign)",Pre,12,1.89970487593268,0.947297961642842,0.335708150272552
"GIGG-SV, 12 lags (+fin/foreign)",Pre,13,1.81240146651039,0.921962302256461,0.327911151571884
"GIGG-SV, 12 lags (+fin/foreign)",Pre,14,2.02035156330315,0.95871912426192,0.345503167378965
"GIGG-SV, 12 lags (+fin/foreign)",Pre,15,2.00086682227351,0.949072407767459,0.342502146151557
"GIGG-SV (+foreign)",Full,1,2.25978777868337,1.22987473205409,0.449584728853816
"GIGG-SV (+foreign)",Full,2,2.04636043672877,1.00407474290614,0.365616623890706
"GIGG-SV (+foreign)",Full,3,2.0372395632663,1.00574715411754,0.366818275699557
"GIGG-SV (+foreign)",Full,4,2.01231478338166,1.00369941891621,0.368063808972948
"GIGG-SV (+foreign)",Full,5,1.98239252550934,0.979062919834749,0.36168175758883
"GIGG-SV (+foreign)",Full,6,1.96687939042909,0.970870293886539,0.356513295485051
"GIGG-SV (+foreign)",Full,7,1.94543614882028,0.983135547503499,0.359100447332827
"GIGG-SV (+foreign)",Full,8,1.91133822099748,1.0226563005931,0.352140507696025
"GIGG-SV (+foreign)",Full,9,1.85655281680237,1.00287305376114,0.348360871186818
"GIGG-SV (+foreign)",Full,10,1.85495655152124,1.00421838097912,0.349245287199037
"GIGG-SV (+foreign)",Full,11,1.86021715968059,0.998227905959186,0.34911710321724
"GIGG-SV (+foreign)",Full,12,1.77051916562453,0.936184754714786,0.325558114190029
"GIGG-SV (+foreign)",Full,13,1.849101535573,0.94594017884714,0.336092922991765
"GIGG-SV (+foreign)",Full,14,1.80079291497324,0.93628652689748,0.331481445650631
"GIGG-SV (+foreign)",Full,15,1.95677269528065,0.974091247063716,0.344327347093995
"GIGG-SV (+foreign)",GFC,1,4.6452124914485,3.56059606830856,1.49835480432368
"GIGG-SV (+foreign)",GFC,2,4.72240859955287,2.86222466939296,1.24147759395043
"GIGG-SV (+foreign)",GFC,3,4.65453470060158,2.88520337424538,1.24923494964442
"GIGG-SV (+foreign)",GFC,4,4.64647530421263,2.89992312067707,1.26998834430964
"GIGG-SV (+foreign)",GFC,5,4.74561718343696,2.84235063666243,1.27283029399755
"GIGG-SV (+foreign)",GFC,6,4.66130313421883,2.78627385493472,1.2171469750776
"GIGG-SV (+foreign)",GFC,7,4.49735360399291,2.80577921200444,1.22125565261377
"GIGG-SV (+foreign)",GFC,8,4.55907725827439,2.781094000989,1.2214094288869
"GIGG-SV (+foreign)",GFC,9,4.43995098048669,2.71842715686679,1.18796585902734
"GIGG-SV (+foreign)",GFC,10,4.55943082904391,2.71997336959404,1.18858868685195
"GIGG-SV (+foreign)",GFC,11,4.52786842999106,2.69577316577881,1.18417985791337
"GIGG-SV (+foreign)",GFC,12,4.4953722411521,2.66236279104028,1.14269114556631
"GIGG-SV (+foreign)",GFC,13,4.69326915186677,2.73648093483602,1.17554948729946
"GIGG-SV (+foreign)",GFC,14,4.48523076797723,2.68435280016314,1.17873920158178
"GIGG-SV (+foreign)",GFC,15,4.88485590559042,2.89747841619871,1.23150271653598
"GIGG-SV (+foreign)",Tranquil,1,1.08831759577125,0.763471007815957,0.23990749921235
"GIGG-SV (+foreign)",Tranquil,2,0.849823159283209,0.591083531096589,0.186868988473477
"GIGG-SV (+foreign)",Tranquil,3,0.885753559711018,0.606928222104526,0.193655665442011
"GIGG-SV (+foreign)",Tranquil,4,0.823277679503265,0.59279782698967,0.185452395379856
"GIGG-SV (+foreign)",Tranquil,5,0.864666807367503,0.599976727187036,0.190165905410472
"GIGG-SV (+foreign)",Tranquil,6,0.862448172356901,0.59507791970828,0.190567804901388
"GIGG-SV (+foreign)",Tranquil,7,0.84693283071113,0.61571890138637,0.191529100640033
"GIGG-SV (+foreign)",Tranquil,8,0.858862029451519,0.618402007168189,0.192847793025816
"GIGG-SV (+foreign)",Tranquil,9,0.844363896869433,0.617164677845609,0.193290349547731
"GIGG-SV (+foreign)",Tranquil,10,0.870442301237686,0.627279990314249,0.195029832826633
"GIGG-SV (+foreign)",Tranquil,11,0.893343129928728,0.612533717075357,0.193965194207134
"GIGG-SV (+foreign)",Tranquil,12,0.791942826646507,0.603334659336688,0.184182097011321
"GIGG-SV (+foreign)",Tranquil,13,0.82185136411943,0.607148704821895,0.186732232974549
"GIGG-SV (+foreign)",Tranquil,14,0.806669328024689,0.59822524778648,0.182194333126149
"GIGG-SV (+foreign)",Tranquil,15,0.829331635249372,0.596307355929572,0.184418206608197
"GIGG-SV (+foreign)",Pandemic,1,2.10022443212336,1.32742054937676,0.493155506244215
"GIGG-SV (+foreign)",Pandemic,2,1.96556015857672,1.15043303403007,0.408069899985335
"GIGG-SV (+foreign)",Pandemic,3,1.92899031155599,1.12227064326861,0.398051096228214
"GIGG-SV (+foreign)",Pandemic,4,1.94729375714962,1.13547015911352,0.409354842154899
"GIGG-SV (+foreign)",Pandemic,5,1.78905620784771,1.0674143235062,0.381789854766885
"GIGG-SV (+foreign)",Pandemic,6,1.82775021749426,1.06769821221126,0.382070956576661
"GIGG-SV (+foreign)",Pandemic,7,1.83237945260844,1.06389222221927,0.38692409028054
"GIGG-SV (+foreign)",Pandemic,8,1.7175449902651,1.18353579368582,0.364091596799035
"GIGG-SV (+foreign)",Pandemic,9,1.70755392274173,1.14535040021453,0.361926952465146
"GIGG-SV (+foreign)",Pandemic,10,1.60908775967217,1.13202049374121,0.361462552920943
"GIGG-SV (+foreign)",Pandemic,11,1.57725767116455,1.14593418665151,0.364143648114378
"GIGG-SV (+foreign)",Pandemic,12,1.44284440232127,0.987466319750012,0.322854342003127
"GIGG-SV (+foreign)",Pandemic,13,1.52223522672666,0.988351581725791,0.340185908430712
"GIGG-SV (+foreign)",Pandemic,14,1.52034292980546,0.98986932904666,0.333176454378182
"GIGG-SV (+foreign)",Pandemic,15,1.73568941995797,1.04274314128958,0.352083098483079
"GIGG-SV (+foreign)",Pre,1,2.3587842359699,1.18006410193188,0.427335821250207
"GIGG-SV (+foreign)",Pre,2,2.10438702035677,0.929338594247112,0.34393835524664
"GIGG-SV (+foreign)",Pre,3,2.10435895812456,0.946245797955292,0.350869601387051
"GIGG-SV (+foreign)",Pre,4,2.06094915018524,0.936412232432474,0.346979026071526
"GIGG-SV (+foreign)",Pre,5,2.08853978407958,0.933947309449329,0.351413793072377
"GIGG-SV (+foreign)",Pre,6,2.04798829557438,0.921426250486685,0.343462574927632
"GIGG-SV (+foreign)",Pre,7,2.01095677172377,0.941898096584806,0.344892629657398
"GIGG-SV (+foreign)",Pre,8,2.0209128869415,0.940505070077673,0.346037823898743
"GIGG-SV (+foreign)",Pre,9,1.94608355950969,0.930118664082806,0.341433510534055
"GIGG-SV (+foreign)",Pre,10,1.98481159773736,0.938957727653793,0.343006683426149
"GIGG-SV (+foreign)",Pre,11,2.00520427010196,0.922803422201403,0.341443973908063
"GIGG-SV (+foreign)",Pre,12,1.9253821394274,0.909998423632968,0.326938763817384
"GIGG-SV (+foreign)",Pre,13,2.00658979639269,0.924283292270807,0.334002887874004
"GIGG-SV (+foreign)",Pre,14,1.9398366797734,0.908925096012792,0.330615909279116
"GIGG-SV (+foreign)",Pre,15,2.07406096656836,0.939034960650507,0.340366963405951
"GIGG-SV, 12 lags (+foreign)",Full,1,2.26884967169449,1.22564737635443,0.449439400998195
"GIGG-SV, 12 lags (+foreign)",Full,2,2.15912087775286,1.09030306885674,0.392468627300964
"GIGG-SV, 12 lags (+foreign)",Full,3,2.1067219290065,1.06914764127221,0.387983350202733
"GIGG-SV, 12 lags (+foreign)",Full,4,2.09757720871199,1.06278379301087,0.381199540659454
"GIGG-SV, 12 lags (+foreign)",Full,5,2.04198722551966,1.03557171456018,0.373337596130599
"GIGG-SV, 12 lags (+foreign)",Full,6,2.05786286750027,1.04485180661148,0.376027165133898
"GIGG-SV, 12 lags (+foreign)",Full,7,2.03836408896355,1.04756971327737,0.371767766959159
"GIGG-SV, 12 lags (+foreign)",Full,8,2.1288250339253,1.10536635630246,0.368234516616736
"GIGG-SV, 12 lags (+foreign)",Full,9,1.91682379722904,1.0467641351187,0.360785914748643
"GIGG-SV, 12 lags (+foreign)",Full,10,2.01074286669015,1.07386181302774,0.358888992244214
"GIGG-SV, 12 lags (+foreign)",Full,11,2.13014098849805,1.10862275458706,0.368471896970272
"GIGG-SV, 12 lags (+foreign)",Full,12,1.67446270694772,0.938939684489434,0.322465011592342
"GIGG-SV, 12 lags (+foreign)",Full,13,1.78879347611037,0.953068420725384,0.32904497005661
"GIGG-SV, 12 lags (+foreign)",Full,14,1.73601013065685,0.938499592924718,0.322456086154032
"GIGG-SV, 12 lags (+foreign)",Full,15,1.84993840882902,0.965252672547547,0.335900644523527
"GIGG-SV, 12 lags (+foreign)",GFC,1,4.50249953497378,3.73135919777224,1.55146350558795
"GIGG-SV, 12 lags (+foreign)",GFC,2,4.86263855321195,3.09095165782998,1.3217159029741
"GIGG-SV, 12 lags (+foreign)",GFC,3,4.72921640187717,3.01980367253001,1.30583494568621
"GIGG-SV, 12 lags (+foreign)",GFC,4,4.83562016234198,2.98973225650367,1.28868901062055
"GIGG-SV, 12 lags (+foreign)",GFC,5,4.70778021423895,2.84589263119813,1.25720623584636
"GIGG-SV, 12 lags (+foreign)",GFC,6,4.85174958768964,2.97125225294153,1.3027187126274
"GIGG-SV, 12 lags (+foreign)",GFC,7,4.8304214387994,2.95195591423547,1.27831491486974
"GIGG-SV, 12 lags (+foreign)",GFC,8,4.78833981961241,2.92665786763414,1.25744747100561
"GIGG-SV, 12 lags (+foreign)",GFC,9,4.69958549271778,2.86071606360847,1.25187740553537
"GIGG-SV, 12 lags (+foreign)",GFC,10,4.91826098640511,2.92139652869409,1.24139397897521
"GIGG-SV, 12 lags (+foreign)",GFC,11,4.88440297007463,2.91444025099133,1.23310012350251
"GIGG-SV, 12 lags (+foreign)",GFC,12,4.30078089665335,2.53179352205511,1.08668949892341
"GIGG-SV, 12 lags (+foreign)",GFC,13,4.66688224759547,2.63509546152441,1.14680480558661
"GIGG-SV, 12 lags (+foreign)",GFC,14,4.5132896479618,2.64530853934552,1.13333083815375
"GIGG-SV, 12 lags (+foreign)",GFC,15,4.67212528924587,2.83402060019635,1.18666454986389
"GIGG-SV, 12 lags (+foreign)",Tranquil,1,1.11519807613442,0.758724014405768,0.242237869323187
"GIGG-SV, 12 lags (+foreign)",Tranquil,2,0.927514304477382,0.661494881935882,0.205878970288741
"GIGG-SV, 12 lags (+foreign)",Tranquil,3,0.916651960208681,0.654825356677771,0.204642974912008
"GIGG-SV, 12 lags (+foreign)",Tranquil,4,0.897681951402819,0.651008644457644,0.202902207734262
"GIGG-SV, 12 lags (+foreign)",Tranquil,5,0.888399638086066,0.641586590863638,0.199031091461822
"GIGG-SV, 12 lags (+foreign)",Tranquil,6,0.895125629974782,0.646142713933626,0.197956469122
"GIGG-SV, 12 lags (+foreign)",Tranquil,7,0.844572021164903,0.650068485104187,0.197157089873099
"GIGG-SV, 12 lags (+foreign)",Tranquil,8,0.834398637507889,0.634132119066218,0.191627381682323
"GIGG-SV, 12 lags (+foreign)",Tranquil,9,0.839810536324809,0.628731975405747,0.191939571086793
"GIGG-SV, 12 lags (+foreign)",Tranquil,10,0.863048566720528,0.645989850195289,0.195995010461286
"GIGG-SV, 12 lags (+foreign)",Tranquil,11,0.967152553350706,0.668797720240062,0.199659810089424
"GIGG-SV, 12 lags (+foreign)",Tranquil,12,0.797341718148314,0.626849682827324,0.189350014050955
"GIGG-SV, 12 lags (+foreign)",Tranquil,13,0.806129729237899,0.632369977649168,0.190865098628586
"GIGG-SV, 12 lags (+foreign)",Tranquil,14,0.771455330473082,0.603001337844279,0.182483736681126
"GIGG-SV, 12 lags (+foreign)",Tranquil,15,0.762972929051949,0.590469127854954,0.179393663868095
"GIGG-SV, 12 lags (+foreign)",Pandemic,1,2.01075299635763,1.273020365022,0.473351589951195
"GIGG-SV, 12 lags (+foreign)",Pandemic,2,2.13393676391332,1.2214608752743,0.432420933583338
"GIGG-SV, 12 lags (+foreign)",Pandemic,3,2.09337074176666,1.19074343981274,0.425843927004594
"GIGG-SV, 12 lags (+foreign)",Pandemic,4,2.03982348916227,1.18704907208086,0.413677333462789
"GIGG-SV, 12 lags (+foreign)",Pandemic,5,1.98261089454585,1.16420332003501,0.40605341732813
"GIGG-SV, 12 lags (+foreign)",Pandemic,6,1.92418714821732,1.14750016422831,0.402526623801457
"GIGG-SV, 12 lags (+foreign)",Pandemic,7,1.97054796768022,1.15462578495322,0.398375977295339
"GIGG-SV, 12 lags (+foreign)",Pandemic,8,2.24929244785822,1.35954672755778,0.403225963144004
"GIGG-SV, 12 lags (+foreign)",Pandemic,9,1.67806712123174,1.21441508883079,0.382294802705599
"GIGG-SV, 12 lags (+foreign)",Pandemic,10,1.87228540075553,1.24811745901247,0.372981674085887
"GIGG-SV, 12 lags (+foreign)",Pandemic,11,2.16585985975681,1.31496770871413,0.397642142366448
"GIGG-SV, 12 lags (+foreign)",Pandemic,12,1.45142902082736,0.994507317969628,0.321424532023092
"GIGG-SV, 12 lags (+foreign)",Pandemic,13,1.49240943519676,0.996974605619362,0.320831470407067
"GIGG-SV, 12 lags (+foreign)",Pandemic,14,1.47504794315529,0.999844075352717,0.319238199275624
"GIGG-SV, 12 lags (+foreign)",Pandemic,15,1.62844119224392,1.04483460147097,0.348606139891643
"GIGG-SV, 12 lags (+foreign)",Pre,1,2.40959248603502,1.20145691405609,0.437228921532833
"GIGG-SV, 12 lags (+foreign)",Pre,2,2.1864964360641,1.023328869835,0.372067449624859
"GIGG-SV, 12 lags (+foreign)",Pre,3,2.12598711380401,1.00705616967704,0.368650289708166
"GIGG-SV, 12 lags (+foreign)",Pre,4,2.14460967245017,0.999329182421945,0.364615135823709
"GIGG-SV, 12 lags (+foreign)",Pre,5,2.08792530845325,0.969887490487925,0.356631644880797
"GIGG-SV, 12 lags (+foreign)",Pre,6,2.13751522093207,0.992435623998632,0.362495526665358
"GIGG-SV, 12 lags (+foreign)",Pre,7,2.08516967756565,0.99290278305991,0.358180595723663
"GIGG-SV, 12 lags (+foreign)",Pre,8,2.08120220266168,0.975572124172078,0.350366543921961
"GIGG-SV, 12 lags (+foreign)",Pre,9,2.0446035362545,0.961155137478493,0.349802652813176
"GIGG-SV, 12 lags (+foreign)",Pre,10,2.09566361338229,0.984880206567451,0.351692729176125
"GIGG-SV, 12 lags (+foreign)",Pre,11,2.12049734067333,1.00325511843706,0.35357645251265
"GIGG-SV, 12 lags (+foreign)",Pre,12,1.79181047533125,0.910564722712314,0.322996320308554
"GIGG-SV, 12 lags (+foreign)",Pre,13,1.93727273971242,0.930648241205055,0.333239097537228
"GIGG-SV, 12 lags (+foreign)",Pre,14,1.86926944995621,0.907174750833826,0.324099262432368
"GIGG-SV, 12 lags (+foreign)",Pre,15,1.96796497045681,0.924615091820694,0.329412731995127
"GIGG-SV (+trade/orders)",Full,1,2.23685541371626,1.23859333042318,0.446284740829942
"GIGG-SV (+trade/orders)",Full,2,1.99815547071276,1.02524831960435,0.369832301794529
"GIGG-SV (+trade/orders)",Full,3,2.03757635912696,1.00861209345151,0.369759653752898
"GIGG-SV (+trade/orders)",Full,4,2.06294617835994,1.02108432056565,0.371321778112913
"GIGG-SV (+trade/orders)",Full,5,1.95368688444396,0.981656614421977,0.357632879810875
"GIGG-SV (+trade/orders)",Full,6,1.96934359884252,0.987791600568799,0.360388668325356
"GIGG-SV (+trade/orders)",Full,7,1.91285841374687,0.981637347884075,0.356067032537985
"GIGG-SV (+trade/orders)",Full,8,1.89603367525939,1.01920489928843,0.352860719780393
"GIGG-SV (+trade/orders)",Full,9,1.91495332891198,1.02102173086642,0.35334597837269
"GIGG-SV (+trade/orders)",Full,10,1.88377762458836,1.02437934999481,0.352086814836504
"GIGG-SV (+trade/orders)",Full,11,1.8691790428369,1.0069862073629,0.350804788972599
"GIGG-SV (+trade/orders)",Full,12,1.80210395984056,0.936636614853994,0.328631670980437
"GIGG-SV (+trade/orders)",Full,13,1.79172433708654,0.940982791595625,0.331911491452759
"GIGG-SV (+trade/orders)",Full,14,1.86373705193468,0.953873013469441,0.334313659829171
"GIGG-SV (+trade/orders)",Full,15,1.86488427958707,0.973326793929575,0.342677801242549
"GIGG-SV (+trade/orders)",GFC,1,4.71043047600122,3.63409479037148,1.48559297523156
"GIGG-SV (+trade/orders)",GFC,2,4.61460932575863,2.91061404187312,1.24385336485623
"GIGG-SV (+trade/orders)",GFC,3,4.76124695846047,2.93219987263471,1.28345660079745
"GIGG-SV (+trade/orders)",GFC,4,4.76269183233242,2.9790099670989,1.28634486299653
"GIGG-SV (+trade/orders)",GFC,5,4.67357706174088,2.79203825511156,1.22825929583005
"GIGG-SV (+trade/orders)",GFC,6,4.67832544614674,2.87550556230465,1.24410338228633
"GIGG-SV (+trade/orders)",GFC,7,4.45851056014584,2.77157181696935,1.20321476239941
"GIGG-SV (+trade/orders)",GFC,8,4.56528573655571,2.86100944198613,1.23366870326271
"GIGG-SV (+trade/orders)",GFC,9,4.58875322270996,2.70243672456016,1.19491211115952
"GIGG-SV (+trade/orders)",GFC,10,4.44833599805229,2.69829652753823,1.18368972749173
"GIGG-SV (+trade/orders)",GFC,11,4.62753715673436,2.72408450886502,1.17815217438783
"GIGG-SV (+trade/orders)",GFC,12,4.46162673502713,2.66865392332711,1.163914635587
"GIGG-SV (+trade/orders)",GFC,13,4.51132064260523,2.67615971096561,1.16800799910881
"GIGG-SV (+trade/orders)",GFC,14,4.79385477361222,2.78512843757554,1.21261078398983
"GIGG-SV (+trade/orders)",GFC,15,4.34892330044938,2.73141814987951,1.17349519024261
"GIGG-SV (+trade/orders)",Tranquil,1,1.10789865194218,0.768096399005082,0.243203201815795
"GIGG-SV (+trade/orders)",Tranquil,2,0.871344664291065,0.617376563024656,0.193062811479402
"GIGG-SV (+trade/orders)",Tranquil,3,0.852633553526096,0.598030423934144,0.190678153559516
"GIGG-SV (+trade/orders)",Tranquil,4,0.854483008513072,0.612627818839035,0.192388062702715
"GIGG-SV (+trade/orders)",Tranquil,5,0.863808347594955,0.61266509566994,0.192846883469885
"GIGG-SV (+trade/orders)",Tranquil,6,0.856732679761467,0.606862145173758,0.193538971820949
"GIGG-SV (+trade/orders)",Tranquil,7,0.82879093019045,0.617957295484154,0.190118926172333
"GIGG-SV (+trade/orders)",Tranquil,8,0.808437277753771,0.607431416720414,0.190785923676479
"GIGG-SV (+trade/orders)",Tranquil,9,0.822825089110327,0.619391837596563,0.192148004499967
"GIGG-SV (+trade/orders)",Tranquil,10,0.863184166019305,0.6316007260091,0.19609322404324
"GIGG-SV (+trade/orders)",Tranquil,11,0.879732706521106,0.611701916838507,0.194257877562321
"GIGG-SV (+trade/orders)",Tranquil,12,0.819485484360284,0.607980255889905,0.184354518484821
"GIGG-SV (+trade/orders)",Tranquil,13,0.815654279688805,0.6133215195153,0.185119562255839
"GIGG-SV (+trade/orders)",Tranquil,14,0.81487270040628,0.610333687108664,0.18484688645573
"GIGG-SV (+trade/orders)",Tranquil,15,0.83224177137879,0.615714660939681,0.190186916590954
"GIGG-SV (+trade/orders)",Pandemic,1,2.05291082367539,1.32406695696841,0.481622404153048
"GIGG-SV (+trade/orders)",Pandemic,2,1.94677505893812,1.15513624490877,0.409525308926747
"GIGG-SV (+trade/orders)",Pandemic,3,1.91834134899125,1.13186844038536,0.401733877853873
"GIGG-SV (+trade/orders)",Pandemic,4,1.97941902070985,1.13078350987113,0.402662904038853
"GIGG-SV (+trade/orders)",Pandemic,5,1.80625079953469,1.06861450047424,0.378343502373601
"GIGG-SV (+trade/orders)",Pandemic,6,1.80221675898411,1.07209078738758,0.380721370927416
"GIGG-SV (+trade/orders)",Pandemic,7,1.82299838770614,1.06570654840074,0.385562455271156
"GIGG-SV (+trade/orders)",Pandemic,8,1.73930314671637,1.16830104528163,0.366083051437905
"GIGG-SV (+trade/orders)",Pandemic,9,1.7629592052901,1.19999217982218,0.376552479431069
"GIGG-SV (+trade/orders)",Pandemic,10,1.78193987184499,1.19078454652083,0.369525283300836
"GIGG-SV (+trade/orders)",Pandemic,11,1.61053046522879,1.16497302029877,0.370406653910287
"GIGG-SV (+trade/orders)",Pandemic,12,1.48763845028241,0.979225498156151,0.325469393796216
"GIGG-SV (+trade/orders)",Pandemic,13,1.48185897911429,0.980991643579922,0.332703225381278
"GIGG-SV (+trade/orders)",Pandemic,14,1.52546922844883,0.99232239203979,0.327254954238048
"GIGG-SV (+trade/orders)",Pandemic,15,1.73661411879204,1.056570370094,0.354507537203522
"GIGG-SV (+trade/orders)",Pre,1,2.34658592158093,1.19494722325114,0.428239976579845
"GIGG-SV (+trade/orders)",Pre,2,2.04238197444082,0.958922570512726,0.349563532195099
"GIGG-SV (+trade/orders)",Pre,3,2.11051123386222,0.94567268225125,0.353432390382188
"GIGG-SV (+trade/orders)",Pre,4,2.11797643411562,0.965067713260716,0.355317798916688
"GIGG-SV (+trade/orders)",Pre,5,2.03972227559784,0.937252587501671,0.347057242757569
"GIGG-SV (+trade/orders)",Pre,6,2.06261840562831,0.944745207299635,0.350006011677496
"GIGG-SV (+trade/orders)",Pre,7,1.96482418650626,0.938708394428757,0.341005540078493
"GIGG-SV (+trade/orders)",Pre,8,1.98943211101807,0.943070697079137,0.346108890848897
"GIGG-SV (+trade/orders)",Pre,9,2.00613841962195,0.929632565442205,0.341495850172666
"GIGG-SV (+trade/orders)",Pre,10,1.95243944515296,0.939406483683652,0.343182064982378
"GIGG-SV (+trade/orders)",Pre,11,2.00483356877585,0.92631209011905,0.340795326025694
"GIGG-SV (+trade/orders)",Pre,12,1.95201420933016,0.914889099976297,0.330246450819188
"GIGG-SV (+trade/orders)",Pre,13,1.9431719179624,0.920552739518538,0.331507201787132
"GIGG-SV (+trade/orders)",Pre,14,2.02641630016074,0.934239288242029,0.337918105237404
"GIGG-SV (+trade/orders)",Pre,15,1.93634553791628,0.930819435888166,0.336637085007158
"GIGG (+trade/orders)",Full,1,2.38242911592549,1.22052888156265,0.479033505718295
"GIGG (+trade/orders)",Full,2,2.07356172800252,1.07377521656329,0.395750721132458
"GIGG (+trade/orders)",Full,3,2.07953602041644,1.03620438190719,0.39508350436031
"GIGG (+trade/orders)",Full,4,2.1159869322418,1.06106907015586,0.400379334388788
"GIGG (+trade/orders)",Full,5,2.02021746731955,1.02052089895046,0.383965985937407
"GIGG (+trade/orders)",Full,6,2.02622601240482,1.03079179121567,0.383248870509375
"GIGG (+trade/orders)",Full,7,1.97895912581928,1.0196416269337,0.375382665979508
"GIGG (+trade/orders)",Full,8,1.97598783114448,1.05100722991694,0.375312875609354
"GIGG (+trade/orders)",Full,9,1.9650635052577,1.0463548572101,0.373270962561123
"GIGG (+trade/orders)",Full,10,1.91493073977049,1.03217340707178,0.366150090776498
"GIGG (+trade/orders)",Full,11,1.93351069313194,1.06055719602377,0.373781021713722
"GIGG (+trade/orders)",Full,12,1.95006602145486,0.996346201398533,0.349883658765422
"GIGG (+trade/orders)",Full,13,1.90568642167623,0.977761320565024,0.345669767460388
"GIGG (+trade/orders)",Full,14,1.87885627633132,0.968416304332665,0.342675621973099
"GIGG (+trade/orders)",Full,15,1.93990077640314,0.972141958855598,0.358616080192793
"GIGG (+trade/orders)",GFC,1,5.2921870691217,3.44339619351517,1.42026169380266
"GIGG (+trade/orders)",GFC,2,5.16953747210259,2.64391118013699,1.05926689021231
"GIGG (+trade/orders)",GFC,3,5.35184193324324,2.75562643466251,1.1063487795772
"GIGG (+trade/orders)",GFC,4,5.41496956741731,2.82858398809933,1.12488772965691
"GIGG (+trade/orders)",GFC,5,5.30124987044968,2.72750549161196,1.08803602674068
"GIGG (+trade/orders)",GFC,6,5.33304114780101,2.75592648008736,1.09749280965597
"GIGG (+trade/orders)",GFC,7,5.01647858941991,2.57368742443091,1.0315861448806
"GIGG (+trade/orders)",GFC,8,5.27229594487771,2.72927831270868,1.08430074186761
"GIGG (+trade/orders)",GFC,9,5.28469742625723,2.8544228156167,1.07639746994636
"GIGG (+trade/orders)",GFC,10,5.12123960377551,2.72738234895731,1.05188111886356
"GIGG (+trade/orders)",GFC,11,5.18980689910821,2.81194675288146,1.06891264519296
"GIGG (+trade/orders)",GFC,12,5.22916747905159,2.72681071481963,1.06157546753656
"GIGG (+trade/orders)",GFC,13,5.17722666003985,2.72342575275695,1.06235908757871
"GIGG (+trade/orders)",GFC,14,5.10498511338863,2.73451706364176,1.06385113969789
"GIGG (+trade/orders)",GFC,15,4.9517109544503,2.60599284417441,1.04448485228766
"GIGG (+trade/orders)",Tranquil,1,1.22973320543604,0.835648796428065,0.328904202658962
"GIGG (+trade/orders)",Tranquil,2,0.967025113604871,0.726928849699654,0.265766144794011
"GIGG (+trade/orders)",Tranquil,3,0.928468943777784,0.679646657350282,0.261649669153684
"GIGG (+trade/orders)",Tranquil,4,0.932068858312774,0.695380972462411,0.262656345589636
"GIGG (+trade/orders)",Tranquil,5,0.934273561110801,0.680112724298863,0.257846675391529
"GIGG (+trade/orders)",Tranquil,6,0.950023662459455,0.681004731593195,0.256056159582032
"GIGG (+trade/orders)",Tranquil,7,0.950184876130873,0.676606374243252,0.254045546014311
"GIGG (+trade/orders)",Tranquil,8,0.968732897356281,0.685542562549763,0.260434843949977
"GIGG (+trade/orders)",Tranquil,9,0.92814336473444,0.667326890093853,0.252202426948129
"GIGG (+trade/orders)",Tranquil,10,0.905130504390108,0.65664455010816,0.247588734232501
"GIGG (+trade/orders)",Tranquil,11,0.904899370360459,0.657695821646619,0.250948176336152
"GIGG (+trade/orders)",Tranquil,12,0.95346456764879,0.658687946217469,0.238112123525303
"GIGG (+trade/orders)",Tranquil,13,0.917208710726353,0.657082560517554,0.238148747793577
"GIGG (+trade/orders)",Tranquil,14,0.931530347535388,0.657456272593559,0.240463115457763
"GIGG (+trade/orders)",Tranquil,15,0.85637025518969,0.62574482503825,0.229600273344801
"GIGG (+trade/orders)",Pandemic,1,2.09339544341721,1.21365939080079,0.454724122625908
"GIGG (+trade/orders)",Pandemic,2,2.05635704417668,1.19389617196035,0.418866132381581
"GIGG (+trade/orders)",Pandemic,3,1.9928181424847,1.12896915744841,0.410020857766428
"GIGG (+trade/orders)",Pandemic,4,2.02283321525308,1.15502404857811,0.41860270043417
"GIGG (+trade/orders)",Pandemic,5,1.82907152630226,1.0899973505102,0.38881107494625
"GIGG (+trade/orders)",Pandemic,6,1.81766978274714,1.11060593966554,0.386915573137191
"GIGG (+trade/orders)",Pandemic,7,1.85996553803474,1.13810369048108,0.386218517908685
"GIGG (+trade/orders)",Pandemic,8,1.67125482755687,1.17061927638132,0.359988134049654
"GIGG (+trade/orders)",Pandemic,9,1.71219031461662,1.15071498120193,0.36997329059542
"GIGG (+trade/orders)",Pandemic,10,1.69362660003472,1.1636188939612,0.363747468491102
"GIGG (+trade/orders)",Pandemic,11,1.69978467583817,1.22117086590219,0.375755707161561
"GIGG (+trade/orders)",Pandemic,12,1.64189463055058,1.05439114361915,0.328592773274038
"GIGG (+trade/orders)",Pandemic,13,1.57638282259427,1.00307379458817,0.315837081870564
"GIGG (+trade/orders)",Pandemic,14,1.52217347136824,0.97157030243269,0.302686940162261
"GIGG (+trade/orders)",Pandemic,15,1.80943728492332,1.07293067366653,0.373597366411777
"GIGG (+trade/orders)",Pre,1,2.53499891126709,1.22403670663253,0.491446807722917
"GIGG (+trade/orders)",Pre,2,2.10355601585083,1.01243685636053,0.383947106877587
"GIGG (+trade/orders)",Pre,3,2.14300700935124,0.988835134822316,0.387455919642293
"GIGG (+trade/orders)",Pre,4,2.18215628852594,1.0130920598977,0.391073785769869
"GIGG (+trade/orders)",Pre,5,2.12675097598329,0.985043561983792,0.381491897932891
"GIGG (+trade/orders)",Pre,6,2.1364214133712,0.990035630305092,0.381376511720703
"GIGG (+trade/orders)",Pre,7,2.04230355835349,0.959150360441413,0.369849464994396
"GIGG (+trade/orders)",Pre,8,2.13173139103556,0.989928738105346,0.383138275554732
"GIGG (+trade/orders)",Pre,9,2.09999935882832,0.99306458112917,0.374954880160632
"GIGG (+trade/orders)",Pre,10,2.03500088564816,0.965052307383566,0.367376961730743
"GIGG (+trade/orders)",Pre,11,2.06017158977318,0.97854170502202,0.372772671697804
"GIGG (+trade/orders)",Pre,12,2.09473097956148,0.966706230902897,0.360755600292937
"GIGG (+trade/orders)",Pre,13,2.06116168455664,0.964835801914909,0.360903479250937
"GIGG (+trade/orders)",Pre,14,2.04479129212359,0.966805752111377,0.363095374387144
"GIGG (+trade/orders)",Pre,15,2.01893806137306,0.920675381079806,0.350966061697993
